"0","stock_data_test
"
"1","[[1]]
"
"1","[1]"
"1"," ""A"""
"1","
"
"1","
"
"1","[[2]]
"
"1","[1]"
"1"," ""AA"""
"1","
"
"1","
"
"1","[[3]]
"
"1","[1]"
"1"," ""AACG"""
"1","
"
"1","
"
"1","[[4]]
"
"1","[1]"
"1"," ""AACI"""
"1","
"
"1","
"
"1","[[5]]
"
"1","[1]"
"1"," ""AADI"""
"1","
"
"1","
"
"1","[[6]]
"
"1","[1]"
"1"," ""AAL"""
"1","
"
"1","
"
"1","[[7]]
"
"1","[1]"
"1"," ""AAMC"""
"1","
"
"1","
"
"1","[[8]]
"
"1","[1]"
"1"," ""AAME"""
"1","
"
"1","
"
"1","[[9]]
"
"1","[1]"
"1"," ""AAN"""
"1","
"
"1","
"
"1","[[10]]
"
"1","[1]"
"1"," ""AAOI"""
"1","
"
"1","
"
"1","[[11]]
"
"1","[1]"
"1"," ""AAON"""
"1","
"
"1","
"
"1","[[12]]
"
"1","[1]"
"1"," ""AAP"""
"1","
"
"1","
"
"1","[[13]]
"
"1","[1]"
"1"," ""AAPL"""
"1","
"
"1","
"
"1","[[14]]
"
"1","[1]"
"1"," ""AAT"""
"1","
"
"1","
"
"1","[[15]]
"
"1","[1]"
"1"," ""AATC"""
"1","
"
"1","
"
"1","[[16]]
"
"1","[1]"
"1"," ""AAU"""
"1","
"
"1","
"
"1","[[17]]
"
"1","[1]"
"1"," ""AB"""
"1","
"
"1","
"
"1","[[18]]
"
"1","[1]"
"1"," ""ABBV"""
"1","
"
"1","
"
"1","[[19]]
"
"1","[1]"
"1"," ""ABCB"""
"1","
"
"1","
"
"1","[[20]]
"
"1","[1]"
"1"," ""ABCL"""
"1","
"
"1","
"
"1","[[21]]
"
"1","[1]"
"1"," ""ABEO"""
"1","
"
"1","
"
"1","[[22]]
"
"1","[1]"
"1"," ""ABEV"""
"1","
"
"1","
"
"1","[[23]]
"
"1","[1]"
"1"," ""ABG"""
"1","
"
"1","
"
"1","[[24]]
"
"1","[1]"
"1"," ""ABIO"""
"1","
"
"1","
"
"1","[[25]]
"
"1","[1]"
"1"," ""ABM"""
"1","
"
"1","
"
"1","[[26]]
"
"1","[1]"
"1"," ""ABMD"""
"1","
"
"1","
"
"1","[[27]]
"
"1","[1]"
"1"," ""ABNB"""
"1","
"
"1","
"
"1","[[28]]
"
"1","[1]"
"1"," ""ABOS"""
"1","
"
"1","
"
"1","[[29]]
"
"1","[1]"
"1"," ""ABR"""
"1","
"
"1","
"
"1","[[30]]
"
"1","[1]"
"1"," ""ABSI"""
"1","
"
"1","
"
"1","[[31]]
"
"1","[1]"
"1"," ""ABT"""
"1","
"
"1","
"
"1","[[32]]
"
"1","[1]"
"1"," ""ABUS"""
"1","
"
"1","
"
"1","[[33]]
"
"1","[1]"
"1"," ""ABVC"""
"1","
"
"1","
"
"1","[[34]]
"
"1","[1]"
"1"," ""AC"""
"1","
"
"1","
"
"1","[[35]]
"
"1","[1]"
"1"," ""ACA"""
"1","
"
"1","
"
"1","[[36]]
"
"1","[1]"
"1"," ""ACAD"""
"1","
"
"1","
"
"1","[[37]]
"
"1","[1]"
"1"," ""ACAH"""
"1","
"
"1","
"
"1","[[38]]
"
"1","[1]"
"1"," ""ACB"""
"1","
"
"1","
"
"1","[[39]]
"
"1","[1]"
"1"," ""ACBA"""
"1","
"
"1","
"
"1","[[40]]
"
"1","[1]"
"1"," ""ACCD"""
"1","
"
"1","
"
"1","[[41]]
"
"1","[1]"
"1"," ""ACCO"""
"1","
"
"1","
"
"1","[[42]]
"
"1","[1]"
"1"," ""ACEL"""
"1","
"
"1","
"
"1","[[43]]
"
"1","[1]"
"1"," ""ACET"""
"1","
"
"1","
"
"1","[[44]]
"
"1","[1]"
"1"," ""ACGL"""
"1","
"
"1","
"
"1","[[45]]
"
"1","[1]"
"1"," ""ACHC"""
"1","
"
"1","
"
"1","[[46]]
"
"1","[1]"
"1"," ""ACHL"""
"1","
"
"1","
"
"1","[[47]]
"
"1","[1]"
"1"," ""ACHR"""
"1","
"
"1","
"
"1","[[48]]
"
"1","[1]"
"1"," ""ACHV"""
"1","
"
"1","
"
"1","[[49]]
"
"1","[1]"
"1"," ""ACI"""
"1","
"
"1","
"
"1","[[50]]
"
"1","[1]"
"1"," ""ACIU"""
"1","
"
"1","
"
"1","[[51]]
"
"1","[1]"
"1"," ""ACIW"""
"1","
"
"1","
"
"1","[[52]]
"
"1","[1]"
"1"," ""ACLS"""
"1","
"
"1","
"
"1","[[53]]
"
"1","[1]"
"1"," ""ACM"""
"1","
"
"1","
"
"1","[[54]]
"
"1","[1]"
"1"," ""ACMR"""
"1","
"
"1","
"
"1","[[55]]
"
"1","[1]"
"1"," ""ACN"""
"1","
"
"1","
"
"1","[[56]]
"
"1","[1]"
"1"," ""ACNB"""
"1","
"
"1","
"
"1","[[57]]
"
"1","[1]"
"1"," ""ACOR"""
"1","
"
"1","
"
"1","[[58]]
"
"1","[1]"
"1"," ""ACR"""
"1","
"
"1","
"
"1","[[59]]
"
"1","[1]"
"1"," ""ACRE"""
"1","
"
"1","
"
"1","[[60]]
"
"1","[1]"
"1"," ""ACRS"""
"1","
"
"1","
"
"1","[[61]]
"
"1","[1]"
"1"," ""ACRX"""
"1","
"
"1","
"
"1","[[62]]
"
"1","[1]"
"1"," ""ACST"""
"1","
"
"1","
"
"1","[[63]]
"
"1","[1]"
"1"," ""ACT"""
"1","
"
"1","
"
"1","[[64]]
"
"1","[1]"
"1"," ""ACTG"""
"1","
"
"1","
"
"1","[[65]]
"
"1","[1]"
"1"," ""ACU"""
"1","
"
"1","
"
"1","[[66]]
"
"1","[1]"
"1"," ""ACVA"""
"1","
"
"1","
"
"1","[[67]]
"
"1","[1]"
"1"," ""ACXP"""
"1","
"
"1","
"
"1","[[68]]
"
"1","[1]"
"1"," ""ADAG"""
"1","
"
"1","
"
"1","[[69]]
"
"1","[1]"
"1"," ""ADAP"""
"1","
"
"1","
"
"1","[[70]]
"
"1","[1]"
"1"," ""ADBE"""
"1","
"
"1","
"
"1","[[71]]
"
"1","[1]"
"1"," ""ADC"""
"1","
"
"1","
"
"1","[[72]]
"
"1","[1]"
"1"," ""ADCT"""
"1","
"
"1","
"
"1","[[73]]
"
"1","[1]"
"1"," ""ADES"""
"1","
"
"1","
"
"1","[[74]]
"
"1","[1]"
"1"," ""ADI"""
"1","
"
"1","
"
"1","[[75]]
"
"1","[1]"
"1"," ""ADIL"""
"1","
"
"1","
"
"1","[[76]]
"
"1","[1]"
"1"," ""ADM"""
"1","
"
"1","
"
"1","[[77]]
"
"1","[1]"
"1"," ""ADMA"""
"1","
"
"1","
"
"1","[[78]]
"
"1","[1]"
"1"," ""ADN"""
"1","
"
"1","
"
"1","[[79]]
"
"1","[1]"
"1"," ""ADNT"""
"1","
"
"1","
"
"1","[[80]]
"
"1","[1]"
"1"," ""ADOC"""
"1","
"
"1","
"
"1","[[81]]
"
"1","[1]"
"1"," ""ADP"""
"1","
"
"1","
"
"1","[[82]]
"
"1","[1]"
"1"," ""ADPT"""
"1","
"
"1","
"
"1","[[83]]
"
"1","[1]"
"1"," ""ADSE"""
"1","
"
"1","
"
"1","[[84]]
"
"1","[1]"
"1"," ""ADSK"""
"1","
"
"1","
"
"1","[[85]]
"
"1","[1]"
"1"," ""ADT"""
"1","
"
"1","
"
"1","[[86]]
"
"1","[1]"
"1"," ""ADTH"""
"1","
"
"1","
"
"1","[[87]]
"
"1","[1]"
"1"," ""ADTN"""
"1","
"
"1","
"
"1","[[88]]
"
"1","[1]"
"1"," ""ADTX"""
"1","
"
"1","
"
"1","[[89]]
"
"1","[1]"
"1"," ""ADUS"""
"1","
"
"1","
"
"1","[[90]]
"
"1","[1]"
"1"," ""ADV"""
"1","
"
"1","
"
"1","[[91]]
"
"1","[1]"
"1"," ""ADVM"""
"1","
"
"1","
"
"1","[[92]]
"
"1","[1]"
"1"," ""ADXN"""
"1","
"
"1","
"
"1","[[93]]
"
"1","[1]"
"1"," ""ADXS"""
"1","
"
"1","
"
"1","[[94]]
"
"1","[1]"
"1"," ""AE"""
"1","
"
"1","
"
"1","[[95]]
"
"1","[1]"
"1"," ""AEAE"""
"1","
"
"1","
"
"1","[[96]]
"
"1","[1]"
"1"," ""AEE"""
"1","
"
"1","
"
"1","[[97]]
"
"1","[1]"
"1"," ""AEG"""
"1","
"
"1","
"
"1","[[98]]
"
"1","[1]"
"1"," ""AEHL"""
"1","
"
"1","
"
"1","[[99]]
"
"1","[1]"
"1"," ""AEHR"""
"1","
"
"1","
"
"1","[[100]]
"
"1","[1]"
"1"," ""AEI"""
"1","
"
"1","
"
"1","[[101]]
"
"1","[1]"
"1"," ""AEIS"""
"1","
"
"1","
"
"1","[[102]]
"
"1","[1]"
"1"," ""AEL"""
"1","
"
"1","
"
"1","[[103]]
"
"1","[1]"
"1"," ""AEM"""
"1","
"
"1","
"
"1","[[104]]
"
"1","[1]"
"1"," ""AEMD"""
"1","
"
"1","
"
"1","[[105]]
"
"1","[1]"
"1"," ""AEO"""
"1","
"
"1","
"
"1","[[106]]
"
"1","[1]"
"1"," ""AEP"""
"1","
"
"1","
"
"1","[[107]]
"
"1","[1]"
"1"," ""AER"""
"1","
"
"1","
"
"1","[[108]]
"
"1","[1]"
"1"," ""AES"""
"1","
"
"1","
"
"1","[[109]]
"
"1","[1]"
"1"," ""AEVA"""
"1","
"
"1","
"
"1","[[110]]
"
"1","[1]"
"1"," ""AEY"""
"1","
"
"1","
"
"1","[[111]]
"
"1","[1]"
"1"," ""AEYE"""
"1","
"
"1","
"
"1","[[112]]
"
"1","[1]"
"1"," ""AEZS"""
"1","
"
"1","
"
"1","[[113]]
"
"1","[1]"
"1"," ""AFBI"""
"1","
"
"1","
"
"1","[[114]]
"
"1","[1]"
"1"," ""AFCG"""
"1","
"
"1","
"
"1","[[115]]
"
"1","[1]"
"1"," ""AFG"""
"1","
"
"1","
"
"1","[[116]]
"
"1","[1]"
"1"," ""AFIB"""
"1","
"
"1","
"
"1","[[117]]
"
"1","[1]"
"1"," ""AFL"""
"1","
"
"1","
"
"1","[[118]]
"
"1","[1]"
"1"," ""AFMD"""
"1","
"
"1","
"
"1","[[119]]
"
"1","[1]"
"1"," ""AFRM"""
"1","
"
"1","
"
"1","[[120]]
"
"1","[1]"
"1"," ""AFYA"""
"1","
"
"1","
"
"1","[[121]]
"
"1","[1]"
"1"," ""AG"""
"1","
"
"1","
"
"1","[[122]]
"
"1","[1]"
"1"," ""AGBA"""
"1","
"
"1","
"
"1","[[123]]
"
"1","[1]"
"1"," ""AGCO"""
"1","
"
"1","
"
"1","[[124]]
"
"1","[1]"
"1"," ""AGE"""
"1","
"
"1","
"
"1","[[125]]
"
"1","[1]"
"1"," ""AGEN"""
"1","
"
"1","
"
"1","[[126]]
"
"1","[1]"
"1"," ""AGFY"""
"1","
"
"1","
"
"1","[[127]]
"
"1","[1]"
"1"," ""AGI"""
"1","
"
"1","
"
"1","[[128]]
"
"1","[1]"
"1"," ""AGIO"""
"1","
"
"1","
"
"1","[[129]]
"
"1","[1]"
"1"," ""AGL"""
"1","
"
"1","
"
"1","[[130]]
"
"1","[1]"
"1"," ""AGM"""
"1","
"
"1","
"
"1","[[131]]
"
"1","[1]"
"1"," ""AGMH"""
"1","
"
"1","
"
"1","[[132]]
"
"1","[1]"
"1"," ""AGNC"""
"1","
"
"1","
"
"1","[[133]]
"
"1","[1]"
"1"," ""AGO"""
"1","
"
"1","
"
"1","[[134]]
"
"1","[1]"
"1"," ""AGR"""
"1","
"
"1","
"
"1","[[135]]
"
"1","[1]"
"1"," ""AGRI"""
"1","
"
"1","
"
"1","[[136]]
"
"1","[1]"
"1"," ""AGRO"""
"1","
"
"1","
"
"1","[[137]]
"
"1","[1]"
"1"," ""AGRX"""
"1","
"
"1","
"
"1","[[138]]
"
"1","[1]"
"1"," ""AGS"""
"1","
"
"1","
"
"1","[[139]]
"
"1","[1]"
"1"," ""AGTI"""
"1","
"
"1","
"
"1","[[140]]
"
"1","[1]"
"1"," ""AGX"""
"1","
"
"1","
"
"1","[[141]]
"
"1","[1]"
"1"," ""AGYS"""
"1","
"
"1","
"
"1","[[142]]
"
"1","[1]"
"1"," ""AHCO"""
"1","
"
"1","
"
"1","[[143]]
"
"1","[1]"
"1"," ""AHG"""
"1","
"
"1","
"
"1","[[144]]
"
"1","[1]"
"1"," ""AHH"""
"1","
"
"1","
"
"1","[[145]]
"
"1","[1]"
"1"," ""AHI"""
"1","
"
"1","
"
"1","[[146]]
"
"1","[1]"
"1"," ""AHT"""
"1","
"
"1","
"
"1","[[147]]
"
"1","[1]"
"1"," ""AI"""
"1","
"
"1","
"
"1","[[148]]
"
"1","[1]"
"1"," ""AIG"""
"1","
"
"1","
"
"1","[[149]]
"
"1","[1]"
"1"," ""AIH"""
"1","
"
"1","
"
"1","[[150]]
"
"1","[1]"
"1"," ""AIHS"""
"1","
"
"1","
"
"1","[[151]]
"
"1","[1]"
"1"," ""AIM"""
"1","
"
"1","
"
"1","[[152]]
"
"1","[1]"
"1"," ""AIN"""
"1","
"
"1","
"
"1","[[153]]
"
"1","[1]"
"1"," ""AINC"""
"1","
"
"1","
"
"1","[[154]]
"
"1","[1]"
"1"," ""AIP"""
"1","
"
"1","
"
"1","[[155]]
"
"1","[1]"
"1"," ""AIR"""
"1","
"
"1","
"
"1","[[156]]
"
"1","[1]"
"1"," ""AIRC"""
"1","
"
"1","
"
"1","[[157]]
"
"1","[1]"
"1"," ""AIRG"""
"1","
"
"1","
"
"1","[[158]]
"
"1","[1]"
"1"," ""AIRI"""
"1","
"
"1","
"
"1","[[159]]
"
"1","[1]"
"1"," ""AIRS"""
"1","
"
"1","
"
"1","[[160]]
"
"1","[1]"
"1"," ""AIRT"""
"1","
"
"1","
"
"1","[[161]]
"
"1","[1]"
"1"," ""AIT"""
"1","
"
"1","
"
"1","[[162]]
"
"1","[1]"
"1"," ""AIV"""
"1","
"
"1","
"
"1","[[163]]
"
"1","[1]"
"1"," ""AIZ"""
"1","
"
"1","
"
"1","[[164]]
"
"1","[1]"
"1"," ""AJG"""
"1","
"
"1","
"
"1","[[165]]
"
"1","[1]"
"1"," ""AJX"""
"1","
"
"1","
"
"1","[[166]]
"
"1","[1]"
"1"," ""AKA"""
"1","
"
"1","
"
"1","[[167]]
"
"1","[1]"
"1"," ""AKAM"""
"1","
"
"1","
"
"1","[[168]]
"
"1","[1]"
"1"," ""AKBA"""
"1","
"
"1","
"
"1","[[169]]
"
"1","[1]"
"1"," ""AKR"""
"1","
"
"1","
"
"1","[[170]]
"
"1","[1]"
"1"," ""AKRO"""
"1","
"
"1","
"
"1","[[171]]
"
"1","[1]"
"1"," ""AKTS"""
"1","
"
"1","
"
"1","[[172]]
"
"1","[1]"
"1"," ""AKTX"""
"1","
"
"1","
"
"1","[[173]]
"
"1","[1]"
"1"," ""AKYA"""
"1","
"
"1","
"
"1","[[174]]
"
"1","[1]"
"1"," ""AL"""
"1","
"
"1","
"
"1","[[175]]
"
"1","[1]"
"1"," ""ALB"""
"1","
"
"1","
"
"1","[[176]]
"
"1","[1]"
"1"," ""ALC"""
"1","
"
"1","
"
"1","[[177]]
"
"1","[1]"
"1"," ""ALCC"""
"1","
"
"1","
"
"1","[[178]]
"
"1","[1]"
"1"," ""ALCO"""
"1","
"
"1","
"
"1","[[179]]
"
"1","[1]"
"1"," ""ALDX"""
"1","
"
"1","
"
"1","[[180]]
"
"1","[1]"
"1"," ""ALE"""
"1","
"
"1","
"
"1","[[181]]
"
"1","[1]"
"1"," ""ALEC"""
"1","
"
"1","
"
"1","[[182]]
"
"1","[1]"
"1"," ""ALEX"""
"1","
"
"1","
"
"1","[[183]]
"
"1","[1]"
"1"," ""ALF"""
"1","
"
"1","
"
"1","[[184]]
"
"1","[1]"
"1"," ""ALG"""
"1","
"
"1","
"
"1","[[185]]
"
"1","[1]"
"1"," ""ALGM"""
"1","
"
"1","
"
"1","[[186]]
"
"1","[1]"
"1"," ""ALGN"""
"1","
"
"1","
"
"1","[[187]]
"
"1","[1]"
"1"," ""ALGS"""
"1","
"
"1","
"
"1","[[188]]
"
"1","[1]"
"1"," ""ALGT"""
"1","
"
"1","
"
"1","[[189]]
"
"1","[1]"
"1"," ""ALHC"""
"1","
"
"1","
"
"1","[[190]]
"
"1","[1]"
"1"," ""ALIM"""
"1","
"
"1","
"
"1","[[191]]
"
"1","[1]"
"1"," ""ALIT"""
"1","
"
"1","
"
"1","[[192]]
"
"1","[1]"
"1"," ""ALK"""
"1","
"
"1","
"
"1","[[193]]
"
"1","[1]"
"1"," ""ALKS"""
"1","
"
"1","
"
"1","[[194]]
"
"1","[1]"
"1"," ""ALKT"""
"1","
"
"1","
"
"1","[[195]]
"
"1","[1]"
"1"," ""ALL"""
"1","
"
"1","
"
"1","[[196]]
"
"1","[1]"
"1"," ""ALLE"""
"1","
"
"1","
"
"1","[[197]]
"
"1","[1]"
"1"," ""ALLK"""
"1","
"
"1","
"
"1","[[198]]
"
"1","[1]"
"1"," ""ALLO"""
"1","
"
"1","
"
"1","[[199]]
"
"1","[1]"
"1"," ""ALLR"""
"1","
"
"1","
"
"1","[[200]]
"
"1","[1]"
"1"," ""ALLT"""
"1","
"
"1","
"
"1","[[201]]
"
"1","[1]"
"1"," ""ALLY"""
"1","
"
"1","
"
"1","[[202]]
"
"1","[1]"
"1"," ""ALNY"""
"1","
"
"1","
"
"1","[[203]]
"
"1","[1]"
"1"," ""ALOT"""
"1","
"
"1","
"
"1","[[204]]
"
"1","[1]"
"1"," ""ALPN"""
"1","
"
"1","
"
"1","[[205]]
"
"1","[1]"
"1"," ""ALPP"""
"1","
"
"1","
"
"1","[[206]]
"
"1","[1]"
"1"," ""ALRM"""
"1","
"
"1","
"
"1","[[207]]
"
"1","[1]"
"1"," ""ALRN"""
"1","
"
"1","
"
"1","[[208]]
"
"1","[1]"
"1"," ""ALRS"""
"1","
"
"1","
"
"1","[[209]]
"
"1","[1]"
"1"," ""ALSN"""
"1","
"
"1","
"
"1","[[210]]
"
"1","[1]"
"1"," ""ALT"""
"1","
"
"1","
"
"1","[[211]]
"
"1","[1]"
"1"," ""ALTG"""
"1","
"
"1","
"
"1","[[212]]
"
"1","[1]"
"1"," ""ALTM"""
"1","
"
"1","
"
"1","[[213]]
"
"1","[1]"
"1"," ""ALTO"""
"1","
"
"1","
"
"1","[[214]]
"
"1","[1]"
"1"," ""ALTR"""
"1","
"
"1","
"
"1","[[215]]
"
"1","[1]"
"1"," ""ALTU"""
"1","
"
"1","
"
"1","[[216]]
"
"1","[1]"
"1"," ""ALV"""
"1","
"
"1","
"
"1","[[217]]
"
"1","[1]"
"1"," ""ALVR"""
"1","
"
"1","
"
"1","[[218]]
"
"1","[1]"
"1"," ""ALX"""
"1","
"
"1","
"
"1","[[219]]
"
"1","[1]"
"1"," ""ALXO"""
"1","
"
"1","
"
"1","[[220]]
"
"1","[1]"
"1"," ""ALYA"""
"1","
"
"1","
"
"1","[[221]]
"
"1","[1]"
"1"," ""ALZN"""
"1","
"
"1","
"
"1","[[222]]
"
"1","[1]"
"1"," ""AM"""
"1","
"
"1","
"
"1","[[223]]
"
"1","[1]"
"1"," ""AMAL"""
"1","
"
"1","
"
"1","[[224]]
"
"1","[1]"
"1"," ""AMAM"""
"1","
"
"1","
"
"1","[[225]]
"
"1","[1]"
"1"," ""AMAT"""
"1","
"
"1","
"
"1","[[226]]
"
"1","[1]"
"1"," ""AMBA"""
"1","
"
"1","
"
"1","[[227]]
"
"1","[1]"
"1"," ""AMBC"""
"1","
"
"1","
"
"1","[[228]]
"
"1","[1]"
"1"," ""AMBO"""
"1","
"
"1","
"
"1","[[229]]
"
"1","[1]"
"1"," ""AMBP"""
"1","
"
"1","
"
"1","[[230]]
"
"1","[1]"
"1"," ""AMC"""
"1","
"
"1","
"
"1","[[231]]
"
"1","[1]"
"1"," ""AMCR"""
"1","
"
"1","
"
"1","[[232]]
"
"1","[1]"
"1"," ""AMCX"""
"1","
"
"1","
"
"1","[[233]]
"
"1","[1]"
"1"," ""AMD"""
"1","
"
"1","
"
"1","[[234]]
"
"1","[1]"
"1"," ""AME"""
"1","
"
"1","
"
"1","[[235]]
"
"1","[1]"
"1"," ""AMED"""
"1","
"
"1","
"
"1","[[236]]
"
"1","[1]"
"1"," ""AMEH"""
"1","
"
"1","
"
"1","[[237]]
"
"1","[1]"
"1"," ""AMG"""
"1","
"
"1","
"
"1","[[238]]
"
"1","[1]"
"1"," ""AMGN"""
"1","
"
"1","
"
"1","[[239]]
"
"1","[1]"
"1"," ""AMH"""
"1","
"
"1","
"
"1","[[240]]
"
"1","[1]"
"1"," ""AMK"""
"1","
"
"1","
"
"1","[[241]]
"
"1","[1]"
"1"," ""AMKR"""
"1","
"
"1","
"
"1","[[242]]
"
"1","[1]"
"1"," ""AMN"""
"1","
"
"1","
"
"1","[[243]]
"
"1","[1]"
"1"," ""AMNB"""
"1","
"
"1","
"
"1","[[244]]
"
"1","[1]"
"1"," ""AMP"""
"1","
"
"1","
"
"1","[[245]]
"
"1","[1]"
"1"," ""AMPE"""
"1","
"
"1","
"
"1","[[246]]
"
"1","[1]"
"1"," ""AMPG"""
"1","
"
"1","
"
"1","[[247]]
"
"1","[1]"
"1"," ""AMPH"""
"1","
"
"1","
"
"1","[[248]]
"
"1","[1]"
"1"," ""AMPL"""
"1","
"
"1","
"
"1","[[249]]
"
"1","[1]"
"1"," ""AMPS"""
"1","
"
"1","
"
"1","[[250]]
"
"1","[1]"
"1"," ""AMPY"""
"1","
"
"1","
"
"1","[[251]]
"
"1","[1]"
"1"," ""AMR"""
"1","
"
"1","
"
"1","[[252]]
"
"1","[1]"
"1"," ""AMRC"""
"1","
"
"1","
"
"1","[[253]]
"
"1","[1]"
"1"," ""AMRK"""
"1","
"
"1","
"
"1","[[254]]
"
"1","[1]"
"1"," ""AMRN"""
"1","
"
"1","
"
"1","[[255]]
"
"1","[1]"
"1"," ""AMRX"""
"1","
"
"1","
"
"1","[[256]]
"
"1","[1]"
"1"," ""AMS"""
"1","
"
"1","
"
"1","[[257]]
"
"1","[1]"
"1"," ""AMSC"""
"1","
"
"1","
"
"1","[[258]]
"
"1","[1]"
"1"," ""AMSF"""
"1","
"
"1","
"
"1","[[259]]
"
"1","[1]"
"1"," ""AMST"""
"1","
"
"1","
"
"1","[[260]]
"
"1","[1]"
"1"," ""AMSWA"""
"1","
"
"1","
"
"1","[[261]]
"
"1","[1]"
"1"," ""AMT"""
"1","
"
"1","
"
"1","[[262]]
"
"1","[1]"
"1"," ""AMTB"""
"1","
"
"1","
"
"1","[[263]]
"
"1","[1]"
"1"," ""AMTD"""
"1","
"
"1","
"
"1","[[264]]
"
"1","[1]"
"1"," ""AMTX"""
"1","
"
"1","
"
"1","[[265]]
"
"1","[1]"
"1"," ""AMWD"""
"1","
"
"1","
"
"1","[[266]]
"
"1","[1]"
"1"," ""AMWL"""
"1","
"
"1","
"
"1","[[267]]
"
"1","[1]"
"1"," ""AMX"""
"1","
"
"1","
"
"1","[[268]]
"
"1","[1]"
"1"," ""AMZN"""
"1","
"
"1","
"
"1","[[269]]
"
"1","[1]"
"1"," ""AN"""
"1","
"
"1","
"
"1","[[270]]
"
"1","[1]"
"1"," ""ANAB"""
"1","
"
"1","
"
"1","[[271]]
"
"1","[1]"
"1"," ""ANDE"""
"1","
"
"1","
"
"1","[[272]]
"
"1","[1]"
"1"," ""ANEB"""
"1","
"
"1","
"
"1","[[273]]
"
"1","[1]"
"1"," ""ANET"""
"1","
"
"1","
"
"1","[[274]]
"
"1","[1]"
"1"," ""ANF"""
"1","
"
"1","
"
"1","[[275]]
"
"1","[1]"
"1"," ""ANGI"""
"1","
"
"1","
"
"1","[[276]]
"
"1","[1]"
"1"," ""ANGO"""
"1","
"
"1","
"
"1","[[277]]
"
"1","[1]"
"1"," ""ANIK"""
"1","
"
"1","
"
"1","[[278]]
"
"1","[1]"
"1"," ""ANIP"""
"1","
"
"1","
"
"1","[[279]]
"
"1","[1]"
"1"," ""ANIX"""
"1","
"
"1","
"
"1","[[280]]
"
"1","[1]"
"1"," ""ANNX"""
"1","
"
"1","
"
"1","[[281]]
"
"1","[1]"
"1"," ""ANSS"""
"1","
"
"1","
"
"1","[[282]]
"
"1","[1]"
"1"," ""ANTE"""
"1","
"
"1","
"
"1","[[283]]
"
"1","[1]"
"1"," ""ANVS"""
"1","
"
"1","
"
"1","[[284]]
"
"1","[1]"
"1"," ""ANY"""
"1","
"
"1","
"
"1","[[285]]
"
"1","[1]"
"1"," ""AOMR"""
"1","
"
"1","
"
"1","[[286]]
"
"1","[1]"
"1"," ""AON"""
"1","
"
"1","
"
"1","[[287]]
"
"1","[1]"
"1"," ""AOS"""
"1","
"
"1","
"
"1","[[288]]
"
"1","[1]"
"1"," ""AOSL"""
"1","
"
"1","
"
"1","[[289]]
"
"1","[1]"
"1"," ""AOUT"""
"1","
"
"1","
"
"1","[[290]]
"
"1","[1]"
"1"," ""AP"""
"1","
"
"1","
"
"1","[[291]]
"
"1","[1]"
"1"," ""APA"""
"1","
"
"1","
"
"1","[[292]]
"
"1","[1]"
"1"," ""APAC"""
"1","
"
"1","
"
"1","[[293]]
"
"1","[1]"
"1"," ""APAM"""
"1","
"
"1","
"
"1","[[294]]
"
"1","[1]"
"1"," ""APD"""
"1","
"
"1","
"
"1","[[295]]
"
"1","[1]"
"1"," ""APDN"""
"1","
"
"1","
"
"1","[[296]]
"
"1","[1]"
"1"," ""APEI"""
"1","
"
"1","
"
"1","[[297]]
"
"1","[1]"
"1"," ""APG"""
"1","
"
"1","
"
"1","[[298]]
"
"1","[1]"
"1"," ""APH"""
"1","
"
"1","
"
"1","[[299]]
"
"1","[1]"
"1"," ""API"""
"1","
"
"1","
"
"1","[[300]]
"
"1","[1]"
"1"," ""APLE"""
"1","
"
"1","
"
"1","[[301]]
"
"1","[1]"
"1"," ""APLS"""
"1","
"
"1","
"
"1","[[302]]
"
"1","[1]"
"1"," ""APLT"""
"1","
"
"1","
"
"1","[[303]]
"
"1","[1]"
"1"," ""APM"""
"1","
"
"1","
"
"1","[[304]]
"
"1","[1]"
"1"," ""APO"""
"1","
"
"1","
"
"1","[[305]]
"
"1","[1]"
"1"," ""APOG"""
"1","
"
"1","
"
"1","[[306]]
"
"1","[1]"
"1"," ""APP"""
"1","
"
"1","
"
"1","[[307]]
"
"1","[1]"
"1"," ""APPF"""
"1","
"
"1","
"
"1","[[308]]
"
"1","[1]"
"1"," ""APPN"""
"1","
"
"1","
"
"1","[[309]]
"
"1","[1]"
"1"," ""APPS"""
"1","
"
"1","
"
"1","[[310]]
"
"1","[1]"
"1"," ""APRE"""
"1","
"
"1","
"
"1","[[311]]
"
"1","[1]"
"1"," ""APT"""
"1","
"
"1","
"
"1","[[312]]
"
"1","[1]"
"1"," ""APTM"""
"1","
"
"1","
"
"1","[[313]]
"
"1","[1]"
"1"," ""APTO"""
"1","
"
"1","
"
"1","[[314]]
"
"1","[1]"
"1"," ""APTV"""
"1","
"
"1","
"
"1","[[315]]
"
"1","[1]"
"1"," ""APVO"""
"1","
"
"1","
"
"1","[[316]]
"
"1","[1]"
"1"," ""APWC"""
"1","
"
"1","
"
"1","[[317]]
"
"1","[1]"
"1"," ""APYX"""
"1","
"
"1","
"
"1","[[318]]
"
"1","[1]"
"1"," ""AQB"""
"1","
"
"1","
"
"1","[[319]]
"
"1","[1]"
"1"," ""AQMS"""
"1","
"
"1","
"
"1","[[320]]
"
"1","[1]"
"1"," ""AQN"""
"1","
"
"1","
"
"1","[[321]]
"
"1","[1]"
"1"," ""AQST"""
"1","
"
"1","
"
"1","[[322]]
"
"1","[1]"
"1"," ""AR"""
"1","
"
"1","
"
"1","[[323]]
"
"1","[1]"
"1"," ""ARAV"""
"1","
"
"1","
"
"1","[[324]]
"
"1","[1]"
"1"," ""ARAY"""
"1","
"
"1","
"
"1","[[325]]
"
"1","[1]"
"1"," ""ARBE"""
"1","
"
"1","
"
"1","[[326]]
"
"1","[1]"
"1"," ""ARBK"""
"1","
"
"1","
"
"1","[[327]]
"
"1","[1]"
"1"," ""ARC"""
"1","
"
"1","
"
"1","[[328]]
"
"1","[1]"
"1"," ""ARCB"""
"1","
"
"1","
"
"1","[[329]]
"
"1","[1]"
"1"," ""ARCC"""
"1","
"
"1","
"
"1","[[330]]
"
"1","[1]"
"1"," ""ARCH"""
"1","
"
"1","
"
"1","[[331]]
"
"1","[1]"
"1"," ""ARCO"""
"1","
"
"1","
"
"1","[[332]]
"
"1","[1]"
"1"," ""ARCT"""
"1","
"
"1","
"
"1","[[333]]
"
"1","[1]"
"1"," ""ARDS"""
"1","
"
"1","
"
"1","[[334]]
"
"1","[1]"
"1"," ""ARDX"""
"1","
"
"1","
"
"1","[[335]]
"
"1","[1]"
"1"," ""ARE"""
"1","
"
"1","
"
"1","[[336]]
"
"1","[1]"
"1"," ""AREC"""
"1","
"
"1","
"
"1","[[337]]
"
"1","[1]"
"1"," ""ARES"""
"1","
"
"1","
"
"1","[[338]]
"
"1","[1]"
"1"," ""ARGX"""
"1","
"
"1","
"
"1","[[339]]
"
"1","[1]"
"1"," ""ARHS"""
"1","
"
"1","
"
"1","[[340]]
"
"1","[1]"
"1"," ""ARI"""
"1","
"
"1","
"
"1","[[341]]
"
"1","[1]"
"1"," ""ARIS"""
"1","
"
"1","
"
"1","[[342]]
"
"1","[1]"
"1"," ""ARKO"""
"1","
"
"1","
"
"1","[[343]]
"
"1","[1]"
"1"," ""ARKR"""
"1","
"
"1","
"
"1","[[344]]
"
"1","[1]"
"1"," ""ARL"""
"1","
"
"1","
"
"1","[[345]]
"
"1","[1]"
"1"," ""ARLO"""
"1","
"
"1","
"
"1","[[346]]
"
"1","[1]"
"1"," ""ARLP"""
"1","
"
"1","
"
"1","[[347]]
"
"1","[1]"
"1"," ""ARMK"""
"1","
"
"1","
"
"1","[[348]]
"
"1","[1]"
"1"," ""ARMP"""
"1","
"
"1","
"
"1","[[349]]
"
"1","[1]"
"1"," ""AROC"""
"1","
"
"1","
"
"1","[[350]]
"
"1","[1]"
"1"," ""AROW"""
"1","
"
"1","
"
"1","[[351]]
"
"1","[1]"
"1"," ""ARQQ"""
"1","
"
"1","
"
"1","[[352]]
"
"1","[1]"
"1"," ""ARQT"""
"1","
"
"1","
"
"1","[[353]]
"
"1","[1]"
"1"," ""ARR"""
"1","
"
"1","
"
"1","[[354]]
"
"1","[1]"
"1"," ""ARRW"""
"1","
"
"1","
"
"1","[[355]]
"
"1","[1]"
"1"," ""ARRY"""
"1","
"
"1","
"
"1","[[356]]
"
"1","[1]"
"1"," ""ARTL"""
"1","
"
"1","
"
"1","[[357]]
"
"1","[1]"
"1"," ""ARTNA"""
"1","
"
"1","
"
"1","[[358]]
"
"1","[1]"
"1"," ""ARTW"""
"1","
"
"1","
"
"1","[[359]]
"
"1","[1]"
"1"," ""ARVL"""
"1","
"
"1","
"
"1","[[360]]
"
"1","[1]"
"1"," ""ARVN"""
"1","
"
"1","
"
"1","[[361]]
"
"1","[1]"
"1"," ""ARW"""
"1","
"
"1","
"
"1","[[362]]
"
"1","[1]"
"1"," ""ARWR"""
"1","
"
"1","
"
"1","[[363]]
"
"1","[1]"
"1"," ""ARYD"""
"1","
"
"1","
"
"1","[[364]]
"
"1","[1]"
"1"," ""ASA"""
"1","
"
"1","
"
"1","[[365]]
"
"1","[1]"
"1"," ""ASAI"""
"1","
"
"1","
"
"1","[[366]]
"
"1","[1]"
"1"," ""ASAN"""
"1","
"
"1","
"
"1","[[367]]
"
"1","[1]"
"1"," ""ASB"""
"1","
"
"1","
"
"1","[[368]]
"
"1","[1]"
"1"," ""ASC"""
"1","
"
"1","
"
"1","[[369]]
"
"1","[1]"
"1"," ""ASGN"""
"1","
"
"1","
"
"1","[[370]]
"
"1","[1]"
"1"," ""ASH"""
"1","
"
"1","
"
"1","[[371]]
"
"1","[1]"
"1"," ""ASIX"""
"1","
"
"1","
"
"1","[[372]]
"
"1","[1]"
"1"," ""ASLE"""
"1","
"
"1","
"
"1","[[373]]
"
"1","[1]"
"1"," ""ASLN"""
"1","
"
"1","
"
"1","[[374]]
"
"1","[1]"
"1"," ""ASM"""
"1","
"
"1","
"
"1","[[375]]
"
"1","[1]"
"1"," ""ASMB"""
"1","
"
"1","
"
"1","[[376]]
"
"1","[1]"
"1"," ""ASML"""
"1","
"
"1","
"
"1","[[377]]
"
"1","[1]"
"1"," ""ASND"""
"1","
"
"1","
"
"1","[[378]]
"
"1","[1]"
"1"," ""ASO"""
"1","
"
"1","
"
"1","[[379]]
"
"1","[1]"
"1"," ""ASPN"""
"1","
"
"1","
"
"1","[[380]]
"
"1","[1]"
"1"," ""ASPS"""
"1","
"
"1","
"
"1","[[381]]
"
"1","[1]"
"1"," ""ASPU"""
"1","
"
"1","
"
"1","[[382]]
"
"1","[1]"
"1"," ""ASR"""
"1","
"
"1","
"
"1","[[383]]
"
"1","[1]"
"1"," ""ASRT"""
"1","
"
"1","
"
"1","[[384]]
"
"1","[1]"
"1"," ""ASRV"""
"1","
"
"1","
"
"1","[[385]]
"
"1","[1]"
"1"," ""ASTC"""
"1","
"
"1","
"
"1","[[386]]
"
"1","[1]"
"1"," ""ASTE"""
"1","
"
"1","
"
"1","[[387]]
"
"1","[1]"
"1"," ""ASTL"""
"1","
"
"1","
"
"1","[[388]]
"
"1","[1]"
"1"," ""ASTR"""
"1","
"
"1","
"
"1","[[389]]
"
"1","[1]"
"1"," ""ASTS"""
"1","
"
"1","
"
"1","[[390]]
"
"1","[1]"
"1"," ""ASUR"""
"1","
"
"1","
"
"1","[[391]]
"
"1","[1]"
"1"," ""ASX"""
"1","
"
"1","
"
"1","[[392]]
"
"1","[1]"
"1"," ""ASXC"""
"1","
"
"1","
"
"1","[[393]]
"
"1","[1]"
"1"," ""ASYS"""
"1","
"
"1","
"
"1","[[394]]
"
"1","[1]"
"1"," ""ATAI"""
"1","
"
"1","
"
"1","[[395]]
"
"1","[1]"
"1"," ""ATEC"""
"1","
"
"1","
"
"1","[[396]]
"
"1","[1]"
"1"," ""ATEN"""
"1","
"
"1","
"
"1","[[397]]
"
"1","[1]"
"1"," ""ATER"""
"1","
"
"1","
"
"1","[[398]]
"
"1","[1]"
"1"," ""ATEX"""
"1","
"
"1","
"
"1","[[399]]
"
"1","[1]"
"1"," ""ATGE"""
"1","
"
"1","
"
"1","[[400]]
"
"1","[1]"
"1"," ""ATHA"""
"1","
"
"1","
"
"1","[[401]]
"
"1","[1]"
"1"," ""ATHE"""
"1","
"
"1","
"
"1","[[402]]
"
"1","[1]"
"1"," ""ATHM"""
"1","
"
"1","
"
"1","[[403]]
"
"1","[1]"
"1"," ""ATHX"""
"1","
"
"1","
"
"1","[[404]]
"
"1","[1]"
"1"," ""ATI"""
"1","
"
"1","
"
"1","[[405]]
"
"1","[1]"
"1"," ""ATIF"""
"1","
"
"1","
"
"1","[[406]]
"
"1","[1]"
"1"," ""ATIP"""
"1","
"
"1","
"
"1","[[407]]
"
"1","[1]"
"1"," ""ATKR"""
"1","
"
"1","
"
"1","[[408]]
"
"1","[1]"
"1"," ""ATLC"""
"1","
"
"1","
"
"1","[[409]]
"
"1","[1]"
"1"," ""ATLO"""
"1","
"
"1","
"
"1","[[410]]
"
"1","[1]"
"1"," ""ATNF"""
"1","
"
"1","
"
"1","[[411]]
"
"1","[1]"
"1"," ""ATNI"""
"1","
"
"1","
"
"1","[[412]]
"
"1","[1]"
"1"," ""ATNM"""
"1","
"
"1","
"
"1","[[413]]
"
"1","[1]"
"1"," ""ATO"""
"1","
"
"1","
"
"1","[[414]]
"
"1","[1]"
"1"," ""ATOM"""
"1","
"
"1","
"
"1","[[415]]
"
"1","[1]"
"1"," ""ATOS"""
"1","
"
"1","
"
"1","[[416]]
"
"1","[1]"
"1"," ""ATR"""
"1","
"
"1","
"
"1","[[417]]
"
"1","[1]"
"1"," ""ATRA"""
"1","
"
"1","
"
"1","[[418]]
"
"1","[1]"
"1"," ""ATRC"""
"1","
"
"1","
"
"1","[[419]]
"
"1","[1]"
"1"," ""ATRI"""
"1","
"
"1","
"
"1","[[420]]
"
"1","[1]"
"1"," ""ATRO"""
"1","
"
"1","
"
"1","[[421]]
"
"1","[1]"
"1"," ""ATSG"""
"1","
"
"1","
"
"1","[[422]]
"
"1","[1]"
"1"," ""ATUS"""
"1","
"
"1","
"
"1","[[423]]
"
"1","[1]"
"1"," ""ATXI"""
"1","
"
"1","
"
"1","[[424]]
"
"1","[1]"
"1"," ""ATXS"""
"1","
"
"1","
"
"1","[[425]]
"
"1","[1]"
"1"," ""AU"""
"1","
"
"1","
"
"1","[[426]]
"
"1","[1]"
"1"," ""AUB"""
"1","
"
"1","
"
"1","[[427]]
"
"1","[1]"
"1"," ""AUBN"""
"1","
"
"1","
"
"1","[[428]]
"
"1","[1]"
"1"," ""AUDC"""
"1","
"
"1","
"
"1","[[429]]
"
"1","[1]"
"1"," ""AUGX"""
"1","
"
"1","
"
"1","[[430]]
"
"1","[1]"
"1"," ""AUID"""
"1","
"
"1","
"
"1","[[431]]
"
"1","[1]"
"1"," ""AUMN"""
"1","
"
"1","
"
"1","[[432]]
"
"1","[1]"
"1"," ""AUPH"""
"1","
"
"1","
"
"1","[[433]]
"
"1","[1]"
"1"," ""AUR"""
"1","
"
"1","
"
"1","[[434]]
"
"1","[1]"
"1"," ""AURA"""
"1","
"
"1","
"
"1","[[435]]
"
"1","[1]"
"1"," ""AUTL"""
"1","
"
"1","
"
"1","[[436]]
"
"1","[1]"
"1"," ""AUUD"""
"1","
"
"1","
"
"1","[[437]]
"
"1","[1]"
"1"," ""AUVI"""
"1","
"
"1","
"
"1","[[438]]
"
"1","[1]"
"1"," ""AVA"""
"1","
"
"1","
"
"1","[[439]]
"
"1","[1]"
"1"," ""AVAH"""
"1","
"
"1","
"
"1","[[440]]
"
"1","[1]"
"1"," ""AVAL"""
"1","
"
"1","
"
"1","[[441]]
"
"1","[1]"
"1"," ""AVAV"""
"1","
"
"1","
"
"1","[[442]]
"
"1","[1]"
"1"," ""AVB"""
"1","
"
"1","
"
"1","[[443]]
"
"1","[1]"
"1"," ""AVD"""
"1","
"
"1","
"
"1","[[444]]
"
"1","[1]"
"1"," ""AVDL"""
"1","
"
"1","
"
"1","[[445]]
"
"1","[1]"
"1"," ""AVDX"""
"1","
"
"1","
"
"1","[[446]]
"
"1","[1]"
"1"," ""AVGO"""
"1","
"
"1","
"
"1","[[447]]
"
"1","[1]"
"1"," ""AVGR"""
"1","
"
"1","
"
"1","[[448]]
"
"1","[1]"
"1"," ""AVHI"""
"1","
"
"1","
"
"1","[[449]]
"
"1","[1]"
"1"," ""AVIR"""
"1","
"
"1","
"
"1","[[450]]
"
"1","[1]"
"1"," ""AVNS"""
"1","
"
"1","
"
"1","[[451]]
"
"1","[1]"
"1"," ""AVNT"""
"1","
"
"1","
"
"1","[[452]]
"
"1","[1]"
"1"," ""AVNW"""
"1","
"
"1","
"
"1","[[453]]
"
"1","[1]"
"1"," ""AVO"""
"1","
"
"1","
"
"1","[[454]]
"
"1","[1]"
"1"," ""AVPT"""
"1","
"
"1","
"
"1","[[455]]
"
"1","[1]"
"1"," ""AVRO"""
"1","
"
"1","
"
"1","[[456]]
"
"1","[1]"
"1"," ""AVT"""
"1","
"
"1","
"
"1","[[457]]
"
"1","[1]"
"1"," ""AVTE"""
"1","
"
"1","
"
"1","[[458]]
"
"1","[1]"
"1"," ""AVTR"""
"1","
"
"1","
"
"1","[[459]]
"
"1","[1]"
"1"," ""AVTX"""
"1","
"
"1","
"
"1","[[460]]
"
"1","[1]"
"1"," ""AVXL"""
"1","
"
"1","
"
"1","[[461]]
"
"1","[1]"
"1"," ""AVY"""
"1","
"
"1","
"
"1","[[462]]
"
"1","[1]"
"1"," ""AWH"""
"1","
"
"1","
"
"1","[[463]]
"
"1","[1]"
"1"," ""AWI"""
"1","
"
"1","
"
"1","[[464]]
"
"1","[1]"
"1"," ""AWK"""
"1","
"
"1","
"
"1","[[465]]
"
"1","[1]"
"1"," ""AWR"""
"1","
"
"1","
"
"1","[[466]]
"
"1","[1]"
"1"," ""AWRE"""
"1","
"
"1","
"
"1","[[467]]
"
"1","[1]"
"1"," ""AWX"""
"1","
"
"1","
"
"1","[[468]]
"
"1","[1]"
"1"," ""AX"""
"1","
"
"1","
"
"1","[[469]]
"
"1","[1]"
"1"," ""AXDX"""
"1","
"
"1","
"
"1","[[470]]
"
"1","[1]"
"1"," ""AXGN"""
"1","
"
"1","
"
"1","[[471]]
"
"1","[1]"
"1"," ""AXL"""
"1","
"
"1","
"
"1","[[472]]
"
"1","[1]"
"1"," ""AXNX"""
"1","
"
"1","
"
"1","[[473]]
"
"1","[1]"
"1"," ""AXON"""
"1","
"
"1","
"
"1","[[474]]
"
"1","[1]"
"1"," ""AXP"""
"1","
"
"1","
"
"1","[[475]]
"
"1","[1]"
"1"," ""AXR"""
"1","
"
"1","
"
"1","[[476]]
"
"1","[1]"
"1"," ""AXS"""
"1","
"
"1","
"
"1","[[477]]
"
"1","[1]"
"1"," ""AXSM"""
"1","
"
"1","
"
"1","[[478]]
"
"1","[1]"
"1"," ""AXTA"""
"1","
"
"1","
"
"1","[[479]]
"
"1","[1]"
"1"," ""AXTI"""
"1","
"
"1","
"
"1","[[480]]
"
"1","[1]"
"1"," ""AY"""
"1","
"
"1","
"
"1","[[481]]
"
"1","[1]"
"1"," ""AYI"""
"1","
"
"1","
"
"1","[[482]]
"
"1","[1]"
"1"," ""AYRO"""
"1","
"
"1","
"
"1","[[483]]
"
"1","[1]"
"1"," ""AYTU"""
"1","
"
"1","
"
"1","[[484]]
"
"1","[1]"
"1"," ""AYX"""
"1","
"
"1","
"
"1","[[485]]
"
"1","[1]"
"1"," ""AZEK"""
"1","
"
"1","
"
"1","[[486]]
"
"1","[1]"
"1"," ""AZN"""
"1","
"
"1","
"
"1","[[487]]
"
"1","[1]"
"1"," ""AZO"""
"1","
"
"1","
"
"1","[[488]]
"
"1","[1]"
"1"," ""AZPN"""
"1","
"
"1","
"
"1","[[489]]
"
"1","[1]"
"1"," ""AZTA"""
"1","
"
"1","
"
"1","[[490]]
"
"1","[1]"
"1"," ""AZUL"""
"1","
"
"1","
"
"1","[[491]]
"
"1","[1]"
"1"," ""AZZ"""
"1","
"
"1","
"
"1","[[492]]
"
"1","[1]"
"1"," ""B"""
"1","
"
"1","
"
"1","[[493]]
"
"1","[1]"
"1"," ""BA"""
"1","
"
"1","
"
"1","[[494]]
"
"1","[1]"
"1"," ""BABA"""
"1","
"
"1","
"
"1","[[495]]
"
"1","[1]"
"1"," ""BAC"""
"1","
"
"1","
"
"1","[[496]]
"
"1","[1]"
"1"," ""BACA"""
"1","
"
"1","
"
"1","[[497]]
"
"1","[1]"
"1"," ""BAFN"""
"1","
"
"1","
"
"1","[[498]]
"
"1","[1]"
"1"," ""BAH"""
"1","
"
"1","
"
"1","[[499]]
"
"1","[1]"
"1"," ""BAK"""
"1","
"
"1","
"
"1","[[500]]
"
"1","[1]"
"1"," ""BALY"""
"1","
"
"1","
"
"1","[[501]]
"
"1","[1]"
"1"," ""BAM"""
"1","
"
"1","
"
"1","[[502]]
"
"1","[1]"
"1"," ""BANC"""
"1","
"
"1","
"
"1","[[503]]
"
"1","[1]"
"1"," ""BAND"""
"1","
"
"1","
"
"1","[[504]]
"
"1","[1]"
"1"," ""BANF"""
"1","
"
"1","
"
"1","[[505]]
"
"1","[1]"
"1"," ""BANR"""
"1","
"
"1","
"
"1","[[506]]
"
"1","[1]"
"1"," ""BANX"""
"1","
"
"1","
"
"1","[[507]]
"
"1","[1]"
"1"," ""BAOS"""
"1","
"
"1","
"
"1","[[508]]
"
"1","[1]"
"1"," ""BAP"""
"1","
"
"1","
"
"1","[[509]]
"
"1","[1]"
"1"," ""BARK"""
"1","
"
"1","
"
"1","[[510]]
"
"1","[1]"
"1"," ""BASE"""
"1","
"
"1","
"
"1","[[511]]
"
"1","[1]"
"1"," ""BATL"""
"1","
"
"1","
"
"1","[[512]]
"
"1","[1]"
"1"," ""BATRA"""
"1","
"
"1","
"
"1","[[513]]
"
"1","[1]"
"1"," ""BATRK"""
"1","
"
"1","
"
"1","[[514]]
"
"1","[1]"
"1"," ""BAX"""
"1","
"
"1","
"
"1","[[515]]
"
"1","[1]"
"1"," ""BB"""
"1","
"
"1","
"
"1","[[516]]
"
"1","[1]"
"1"," ""BBAI"""
"1","
"
"1","
"
"1","[[517]]
"
"1","[1]"
"1"," ""BBAR"""
"1","
"
"1","
"
"1","[[518]]
"
"1","[1]"
"1"," ""BBCP"""
"1","
"
"1","
"
"1","[[519]]
"
"1","[1]"
"1"," ""BBD"""
"1","
"
"1","
"
"1","[[520]]
"
"1","[1]"
"1"," ""BBDC"""
"1","
"
"1","
"
"1","[[521]]
"
"1","[1]"
"1"," ""BBGI"""
"1","
"
"1","
"
"1","[[522]]
"
"1","[1]"
"1"," ""BBIG"""
"1","
"
"1","
"
"1","[[523]]
"
"1","[1]"
"1"," ""BBIO"""
"1","
"
"1","
"
"1","[[524]]
"
"1","[1]"
"1"," ""BBLG"""
"1","
"
"1","
"
"1","[[525]]
"
"1","[1]"
"1"," ""BBQ"""
"1","
"
"1","
"
"1","[[526]]
"
"1","[1]"
"1"," ""BBSI"""
"1","
"
"1","
"
"1","[[527]]
"
"1","[1]"
"1"," ""BBU"""
"1","
"
"1","
"
"1","[[528]]
"
"1","[1]"
"1"," ""BBVA"""
"1","
"
"1","
"
"1","[[529]]
"
"1","[1]"
"1"," ""BBW"""
"1","
"
"1","
"
"1","[[530]]
"
"1","[1]"
"1"," ""BBWI"""
"1","
"
"1","
"
"1","[[531]]
"
"1","[1]"
"1"," ""BBY"""
"1","
"
"1","
"
"1","[[532]]
"
"1","[1]"
"1"," ""BC"""
"1","
"
"1","
"
"1","[[533]]
"
"1","[1]"
"1"," ""BCAB"""
"1","
"
"1","
"
"1","[[534]]
"
"1","[1]"
"1"," ""BCBP"""
"1","
"
"1","
"
"1","[[535]]
"
"1","[1]"
"1"," ""BCC"""
"1","
"
"1","
"
"1","[[536]]
"
"1","[1]"
"1"," ""BCDA"""
"1","
"
"1","
"
"1","[[537]]
"
"1","[1]"
"1"," ""BCE"""
"1","
"
"1","
"
"1","[[538]]
"
"1","[1]"
"1"," ""BCEL"""
"1","
"
"1","
"
"1","[[539]]
"
"1","[1]"
"1"," ""BCH"""
"1","
"
"1","
"
"1","[[540]]
"
"1","[1]"
"1"," ""BCLI"""
"1","
"
"1","
"
"1","[[541]]
"
"1","[1]"
"1"," ""BCML"""
"1","
"
"1","
"
"1","[[542]]
"
"1","[1]"
"1"," ""BCO"""
"1","
"
"1","
"
"1","[[543]]
"
"1","[1]"
"1"," ""BCOV"""
"1","
"
"1","
"
"1","[[544]]
"
"1","[1]"
"1"," ""BCOW"""
"1","
"
"1","
"
"1","[[545]]
"
"1","[1]"
"1"," ""BCPC"""
"1","
"
"1","
"
"1","[[546]]
"
"1","[1]"
"1"," ""BCRX"""
"1","
"
"1","
"
"1","[[547]]
"
"1","[1]"
"1"," ""BCS"""
"1","
"
"1","
"
"1","[[548]]
"
"1","[1]"
"1"," ""BCSF"""
"1","
"
"1","
"
"1","[[549]]
"
"1","[1]"
"1"," ""BCTX"""
"1","
"
"1","
"
"1","[[550]]
"
"1","[1]"
"1"," ""BCYC"""
"1","
"
"1","
"
"1","[[551]]
"
"1","[1]"
"1"," ""BDC"""
"1","
"
"1","
"
"1","[[552]]
"
"1","[1]"
"1"," ""BDL"""
"1","
"
"1","
"
"1","[[553]]
"
"1","[1]"
"1"," ""BDN"""
"1","
"
"1","
"
"1","[[554]]
"
"1","[1]"
"1"," ""BDSI"""
"1","
"
"1","
"
"1","[[555]]
"
"1","[1]"
"1"," ""BDSX"""
"1","
"
"1","
"
"1","[[556]]
"
"1","[1]"
"1"," ""BDTX"""
"1","
"
"1","
"
"1","[[557]]
"
"1","[1]"
"1"," ""BDX"""
"1","
"
"1","
"
"1","[[558]]
"
"1","[1]"
"1"," ""BE"""
"1","
"
"1","
"
"1","[[559]]
"
"1","[1]"
"1"," ""BEAM"""
"1","
"
"1","
"
"1","[[560]]
"
"1","[1]"
"1"," ""BEAT"""
"1","
"
"1","
"
"1","[[561]]
"
"1","[1]"
"1"," ""BECN"""
"1","
"
"1","
"
"1","[[562]]
"
"1","[1]"
"1"," ""BEDU"""
"1","
"
"1","
"
"1","[[563]]
"
"1","[1]"
"1"," ""BEEM"""
"1","
"
"1","
"
"1","[[564]]
"
"1","[1]"
"1"," ""BEKE"""
"1","
"
"1","
"
"1","[[565]]
"
"1","[1]"
"1"," ""BELFA"""
"1","
"
"1","
"
"1","[[566]]
"
"1","[1]"
"1"," ""BELFB"""
"1","
"
"1","
"
"1","[[567]]
"
"1","[1]"
"1"," ""BEN"""
"1","
"
"1","
"
"1","[[568]]
"
"1","[1]"
"1"," ""BEP"""
"1","
"
"1","
"
"1","[[569]]
"
"1","[1]"
"1"," ""BEPC"""
"1","
"
"1","
"
"1","[[570]]
"
"1","[1]"
"1"," ""BERY"""
"1","
"
"1","
"
"1","[[571]]
"
"1","[1]"
"1"," ""BEST"""
"1","
"
"1","
"
"1","[[572]]
"
"1","[1]"
"1"," ""BFAM"""
"1","
"
"1","
"
"1","[[573]]
"
"1","[1]"
"1"," ""BFC"""
"1","
"
"1","
"
"1","[[574]]
"
"1","[1]"
"1"," ""BFI"""
"1","
"
"1","
"
"1","[[575]]
"
"1","[1]"
"1"," ""BFIN"""
"1","
"
"1","
"
"1","[[576]]
"
"1","[1]"
"1"," ""BFLY"""
"1","
"
"1","
"
"1","[[577]]
"
"1","[1]"
"1"," ""BFRI"""
"1","
"
"1","
"
"1","[[578]]
"
"1","[1]"
"1"," ""BFS"""
"1","
"
"1","
"
"1","[[579]]
"
"1","[1]"
"1"," ""BFST"""
"1","
"
"1","
"
"1","[[580]]
"
"1","[1]"
"1"," ""BG"""
"1","
"
"1","
"
"1","[[581]]
"
"1","[1]"
"1"," ""BGFV"""
"1","
"
"1","
"
"1","[[582]]
"
"1","[1]"
"1"," ""BGI"""
"1","
"
"1","
"
"1","[[583]]
"
"1","[1]"
"1"," ""BGNE"""
"1","
"
"1","
"
"1","[[584]]
"
"1","[1]"
"1"," ""BGS"""
"1","
"
"1","
"
"1","[[585]]
"
"1","[1]"
"1"," ""BGSF"""
"1","
"
"1","
"
"1","[[586]]
"
"1","[1]"
"1"," ""BH"""
"1","
"
"1","
"
"1","[[587]]
"
"1","[1]"
"1"," ""BHAC"""
"1","
"
"1","
"
"1","[[588]]
"
"1","[1]"
"1"," ""BHAT"""
"1","
"
"1","
"
"1","[[589]]
"
"1","[1]"
"1"," ""BHB"""
"1","
"
"1","
"
"1","[[590]]
"
"1","[1]"
"1"," ""BHC"""
"1","
"
"1","
"
"1","[[591]]
"
"1","[1]"
"1"," ""BHE"""
"1","
"
"1","
"
"1","[[592]]
"
"1","[1]"
"1"," ""BHF"""
"1","
"
"1","
"
"1","[[593]]
"
"1","[1]"
"1"," ""BHG"""
"1","
"
"1","
"
"1","[[594]]
"
"1","[1]"
"1"," ""BHIL"""
"1","
"
"1","
"
"1","[[595]]
"
"1","[1]"
"1"," ""BHLB"""
"1","
"
"1","
"
"1","[[596]]
"
"1","[1]"
"1"," ""BHP"""
"1","
"
"1","
"
"1","[[597]]
"
"1","[1]"
"1"," ""BHR"""
"1","
"
"1","
"
"1","[[598]]
"
"1","[1]"
"1"," ""BHVN"""
"1","
"
"1","
"
"1","[[599]]
"
"1","[1]"
"1"," ""BIDU"""
"1","
"
"1","
"
"1","[[600]]
"
"1","[1]"
"1"," ""BIG"""
"1","
"
"1","
"
"1","[[601]]
"
"1","[1]"
"1"," ""BIGC"""
"1","
"
"1","
"
"1","[[602]]
"
"1","[1]"
"1"," ""BIIB"""
"1","
"
"1","
"
"1","[[603]]
"
"1","[1]"
"1"," ""BILI"""
"1","
"
"1","
"
"1","[[604]]
"
"1","[1]"
"1"," ""BILL"""
"1","
"
"1","
"
"1","[[605]]
"
"1","[1]"
"1"," ""BIMI"""
"1","
"
"1","
"
"1","[[606]]
"
"1","[1]"
"1"," ""BIO"""
"1","
"
"1","
"
"1","[[607]]
"
"1","[1]"
"1"," ""BIOL"""
"1","
"
"1","
"
"1","[[608]]
"
"1","[1]"
"1"," ""BIOX"""
"1","
"
"1","
"
"1","[[609]]
"
"1","[1]"
"1"," ""BIP"""
"1","
"
"1","
"
"1","[[610]]
"
"1","[1]"
"1"," ""BIPC"""
"1","
"
"1","
"
"1","[[611]]
"
"1","[1]"
"1"," ""BIRD"""
"1","
"
"1","
"
"1","[[612]]
"
"1","[1]"
"1"," ""BITE"""
"1","
"
"1","
"
"1","[[613]]
"
"1","[1]"
"1"," ""BITF"""
"1","
"
"1","
"
"1","[[614]]
"
"1","[1]"
"1"," ""BIVI"""
"1","
"
"1","
"
"1","[[615]]
"
"1","[1]"
"1"," ""BJ"""
"1","
"
"1","
"
"1","[[616]]
"
"1","[1]"
"1"," ""BJDX"""
"1","
"
"1","
"
"1","[[617]]
"
"1","[1]"
"1"," ""BJRI"""
"1","
"
"1","
"
"1","[[618]]
"
"1","[1]"
"1"," ""BK"""
"1","
"
"1","
"
"1","[[619]]
"
"1","[1]"
"1"," ""BKCC"""
"1","
"
"1","
"
"1","[[620]]
"
"1","[1]"
"1"," ""BKD"""
"1","
"
"1","
"
"1","[[621]]
"
"1","[1]"
"1"," ""BKE"""
"1","
"
"1","
"
"1","[[622]]
"
"1","[1]"
"1"," ""BKH"""
"1","
"
"1","
"
"1","[[623]]
"
"1","[1]"
"1"," ""BKKT"""
"1","
"
"1","
"
"1","[[624]]
"
"1","[1]"
"1"," ""BKNG"""
"1","
"
"1","
"
"1","[[625]]
"
"1","[1]"
"1"," ""BKR"""
"1","
"
"1","
"
"1","[[626]]
"
"1","[1]"
"1"," ""BKSC"""
"1","
"
"1","
"
"1","[[627]]
"
"1","[1]"
"1"," ""BKSY"""
"1","
"
"1","
"
"1","[[628]]
"
"1","[1]"
"1"," ""BKTI"""
"1","
"
"1","
"
"1","[[629]]
"
"1","[1]"
"1"," ""BKU"""
"1","
"
"1","
"
"1","[[630]]
"
"1","[1]"
"1"," ""BKYI"""
"1","
"
"1","
"
"1","[[631]]
"
"1","[1]"
"1"," ""BL"""
"1","
"
"1","
"
"1","[[632]]
"
"1","[1]"
"1"," ""BLBD"""
"1","
"
"1","
"
"1","[[633]]
"
"1","[1]"
"1"," ""BLBX"""
"1","
"
"1","
"
"1","[[634]]
"
"1","[1]"
"1"," ""BLCM"""
"1","
"
"1","
"
"1","[[635]]
"
"1","[1]"
"1"," ""BLD"""
"1","
"
"1","
"
"1","[[636]]
"
"1","[1]"
"1"," ""BLDE"""
"1","
"
"1","
"
"1","[[637]]
"
"1","[1]"
"1"," ""BLDP"""
"1","
"
"1","
"
"1","[[638]]
"
"1","[1]"
"1"," ""BLDR"""
"1","
"
"1","
"
"1","[[639]]
"
"1","[1]"
"1"," ""BLFS"""
"1","
"
"1","
"
"1","[[640]]
"
"1","[1]"
"1"," ""BLFY"""
"1","
"
"1","
"
"1","[[641]]
"
"1","[1]"
"1"," ""BLIN"""
"1","
"
"1","
"
"1","[[642]]
"
"1","[1]"
"1"," ""BLK"""
"1","
"
"1","
"
"1","[[643]]
"
"1","[1]"
"1"," ""BLKB"""
"1","
"
"1","
"
"1","[[644]]
"
"1","[1]"
"1"," ""BLMN"""
"1","
"
"1","
"
"1","[[645]]
"
"1","[1]"
"1"," ""BLND"""
"1","
"
"1","
"
"1","[[646]]
"
"1","[1]"
"1"," ""BLNK"""
"1","
"
"1","
"
"1","[[647]]
"
"1","[1]"
"1"," ""BLPH"""
"1","
"
"1","
"
"1","[[648]]
"
"1","[1]"
"1"," ""BLRX"""
"1","
"
"1","
"
"1","[[649]]
"
"1","[1]"
"1"," ""BLUA"""
"1","
"
"1","
"
"1","[[650]]
"
"1","[1]"
"1"," ""BLUE"""
"1","
"
"1","
"
"1","[[651]]
"
"1","[1]"
"1"," ""BLX"""
"1","
"
"1","
"
"1","[[652]]
"
"1","[1]"
"1"," ""BLZE"""
"1","
"
"1","
"
"1","[[653]]
"
"1","[1]"
"1"," ""BMA"""
"1","
"
"1","
"
"1","[[654]]
"
"1","[1]"
"1"," ""BMBL"""
"1","
"
"1","
"
"1","[[655]]
"
"1","[1]"
"1"," ""BMEA"""
"1","
"
"1","
"
"1","[[656]]
"
"1","[1]"
"1"," ""BMI"""
"1","
"
"1","
"
"1","[[657]]
"
"1","[1]"
"1"," ""BMO"""
"1","
"
"1","
"
"1","[[658]]
"
"1","[1]"
"1"," ""BMRA"""
"1","
"
"1","
"
"1","[[659]]
"
"1","[1]"
"1"," ""BMRC"""
"1","
"
"1","
"
"1","[[660]]
"
"1","[1]"
"1"," ""BMRN"""
"1","
"
"1","
"
"1","[[661]]
"
"1","[1]"
"1"," ""BMTX"""
"1","
"
"1","
"
"1","[[662]]
"
"1","[1]"
"1"," ""BMY"""
"1","
"
"1","
"
"1","[[663]]
"
"1","[1]"
"1"," ""BNED"""
"1","
"
"1","
"
"1","[[664]]
"
"1","[1]"
"1"," ""BNGO"""
"1","
"
"1","
"
"1","[[665]]
"
"1","[1]"
"1"," ""BNIX"""
"1","
"
"1","
"
"1","[[666]]
"
"1","[1]"
"1"," ""BNL"""
"1","
"
"1","
"
"1","[[667]]
"
"1","[1]"
"1"," ""BNOX"""
"1","
"
"1","
"
"1","[[668]]
"
"1","[1]"
"1"," ""BNR"""
"1","
"
"1","
"
"1","[[669]]
"
"1","[1]"
"1"," ""BNS"""
"1","
"
"1","
"
"1","[[670]]
"
"1","[1]"
"1"," ""BNTC"""
"1","
"
"1","
"
"1","[[671]]
"
"1","[1]"
"1"," ""BNTX"""
"1","
"
"1","
"
"1","[[672]]
"
"1","[1]"
"1"," ""BODY"""
"1","
"
"1","
"
"1","[[673]]
"
"1","[1]"
"1"," ""BOH"""
"1","
"
"1","
"
"1","[[674]]
"
"1","[1]"
"1"," ""BOKF"""
"1","
"
"1","
"
"1","[[675]]
"
"1","[1]"
"1"," ""BOLT"""
"1","
"
"1","
"
"1","[[676]]
"
"1","[1]"
"1"," ""BON"""
"1","
"
"1","
"
"1","[[677]]
"
"1","[1]"
"1"," ""BOOM"""
"1","
"
"1","
"
"1","[[678]]
"
"1","[1]"
"1"," ""BOOT"""
"1","
"
"1","
"
"1","[[679]]
"
"1","[1]"
"1"," ""BORR"""
"1","
"
"1","
"
"1","[[680]]
"
"1","[1]"
"1"," ""BOSC"""
"1","
"
"1","
"
"1","[[681]]
"
"1","[1]"
"1"," ""BOTJ"""
"1","
"
"1","
"
"1","[[682]]
"
"1","[1]"
"1"," ""BOWL"""
"1","
"
"1","
"
"1","[[683]]
"
"1","[1]"
"1"," ""BOX"""
"1","
"
"1","
"
"1","[[684]]
"
"1","[1]"
"1"," ""BOXL"""
"1","
"
"1","
"
"1","[[685]]
"
"1","[1]"
"1"," ""BP"""
"1","
"
"1","
"
"1","[[686]]
"
"1","[1]"
"1"," ""BPMC"""
"1","
"
"1","
"
"1","[[687]]
"
"1","[1]"
"1"," ""BPOP"""
"1","
"
"1","
"
"1","[[688]]
"
"1","[1]"
"1"," ""BPRN"""
"1","
"
"1","
"
"1","[[689]]
"
"1","[1]"
"1"," ""BPT"""
"1","
"
"1","
"
"1","[[690]]
"
"1","[1]"
"1"," ""BPTH"""
"1","
"
"1","
"
"1","[[691]]
"
"1","[1]"
"1"," ""BPTS"""
"1","
"
"1","
"
"1","[[692]]
"
"1","[1]"
"1"," ""BQ"""
"1","
"
"1","
"
"1","[[693]]
"
"1","[1]"
"1"," ""BR"""
"1","
"
"1","
"
"1","[[694]]
"
"1","[1]"
"1"," ""BRAG"""
"1","
"
"1","
"
"1","[[695]]
"
"1","[1]"
"1"," ""BRBR"""
"1","
"
"1","
"
"1","[[696]]
"
"1","[1]"
"1"," ""BRBS"""
"1","
"
"1","
"
"1","[[697]]
"
"1","[1]"
"1"," ""BRC"""
"1","
"
"1","
"
"1","[[698]]
"
"1","[1]"
"1"," ""BRDG"""
"1","
"
"1","
"
"1","[[699]]
"
"1","[1]"
"1"," ""BREZ"""
"1","
"
"1","
"
"1","[[700]]
"
"1","[1]"
"1"," ""BRFS"""
"1","
"
"1","
"
"1","[[701]]
"
"1","[1]"
"1"," ""BRID"""
"1","
"
"1","
"
"1","[[702]]
"
"1","[1]"
"1"," ""BRKL"""
"1","
"
"1","
"
"1","[[703]]
"
"1","[1]"
"1"," ""BRKR"""
"1","
"
"1","
"
"1","[[704]]
"
"1","[1]"
"1"," ""BRLT"""
"1","
"
"1","
"
"1","[[705]]
"
"1","[1]"
"1"," ""BRN"""
"1","
"
"1","
"
"1","[[706]]
"
"1","[1]"
"1"," ""BRO"""
"1","
"
"1","
"
"1","[[707]]
"
"1","[1]"
"1"," ""BROG"""
"1","
"
"1","
"
"1","[[708]]
"
"1","[1]"
"1"," ""BROS"""
"1","
"
"1","
"
"1","[[709]]
"
"1","[1]"
"1"," ""BRP"""
"1","
"
"1","
"
"1","[[710]]
"
"1","[1]"
"1"," ""BRSP"""
"1","
"
"1","
"
"1","[[711]]
"
"1","[1]"
"1"," ""BRT"""
"1","
"
"1","
"
"1","[[712]]
"
"1","[1]"
"1"," ""BRTX"""
"1","
"
"1","
"
"1","[[713]]
"
"1","[1]"
"1"," ""BRX"""
"1","
"
"1","
"
"1","[[714]]
"
"1","[1]"
"1"," ""BRY"""
"1","
"
"1","
"
"1","[[715]]
"
"1","[1]"
"1"," ""BRZE"""
"1","
"
"1","
"
"1","[[716]]
"
"1","[1]"
"1"," ""BSAC"""
"1","
"
"1","
"
"1","[[717]]
"
"1","[1]"
"1"," ""BSBK"""
"1","
"
"1","
"
"1","[[718]]
"
"1","[1]"
"1"," ""BSBR"""
"1","
"
"1","
"
"1","[[719]]
"
"1","[1]"
"1"," ""BSET"""
"1","
"
"1","
"
"1","[[720]]
"
"1","[1]"
"1"," ""BSFC"""
"1","
"
"1","
"
"1","[[721]]
"
"1","[1]"
"1"," ""BSGM"""
"1","
"
"1","
"
"1","[[722]]
"
"1","[1]"
"1"," ""BSIG"""
"1","
"
"1","
"
"1","[[723]]
"
"1","[1]"
"1"," ""BSM"""
"1","
"
"1","
"
"1","[[724]]
"
"1","[1]"
"1"," ""BSRR"""
"1","
"
"1","
"
"1","[[725]]
"
"1","[1]"
"1"," ""BSVN"""
"1","
"
"1","
"
"1","[[726]]
"
"1","[1]"
"1"," ""BSX"""
"1","
"
"1","
"
"1","[[727]]
"
"1","[1]"
"1"," ""BSY"""
"1","
"
"1","
"
"1","[[728]]
"
"1","[1]"
"1"," ""BTAI"""
"1","
"
"1","
"
"1","[[729]]
"
"1","[1]"
"1"," ""BTBD"""
"1","
"
"1","
"
"1","[[730]]
"
"1","[1]"
"1"," ""BTBT"""
"1","
"
"1","
"
"1","[[731]]
"
"1","[1]"
"1"," ""BTCM"""
"1","
"
"1","
"
"1","[[732]]
"
"1","[1]"
"1"," ""BTCS"""
"1","
"
"1","
"
"1","[[733]]
"
"1","[1]"
"1"," ""BTCY"""
"1","
"
"1","
"
"1","[[734]]
"
"1","[1]"
"1"," ""BTG"""
"1","
"
"1","
"
"1","[[735]]
"
"1","[1]"
"1"," ""BTI"""
"1","
"
"1","
"
"1","[[736]]
"
"1","[1]"
"1"," ""BTTR"""
"1","
"
"1","
"
"1","[[737]]
"
"1","[1]"
"1"," ""BTTX"""
"1","
"
"1","
"
"1","[[738]]
"
"1","[1]"
"1"," ""BTU"""
"1","
"
"1","
"
"1","[[739]]
"
"1","[1]"
"1"," ""BUD"""
"1","
"
"1","
"
"1","[[740]]
"
"1","[1]"
"1"," ""BUR"""
"1","
"
"1","
"
"1","[[741]]
"
"1","[1]"
"1"," ""BURL"""
"1","
"
"1","
"
"1","[[742]]
"
"1","[1]"
"1"," ""BUSE"""
"1","
"
"1","
"
"1","[[743]]
"
"1","[1]"
"1"," ""BV"""
"1","
"
"1","
"
"1","[[744]]
"
"1","[1]"
"1"," ""BVH"""
"1","
"
"1","
"
"1","[[745]]
"
"1","[1]"
"1"," ""BVN"""
"1","
"
"1","
"
"1","[[746]]
"
"1","[1]"
"1"," ""BVS"""
"1","
"
"1","
"
"1","[[747]]
"
"1","[1]"
"1"," ""BW"""
"1","
"
"1","
"
"1","[[748]]
"
"1","[1]"
"1"," ""BWA"""
"1","
"
"1","
"
"1","[[749]]
"
"1","[1]"
"1"," ""BWAY"""
"1","
"
"1","
"
"1","[[750]]
"
"1","[1]"
"1"," ""BWB"""
"1","
"
"1","
"
"1","[[751]]
"
"1","[1]"
"1"," ""BWEN"""
"1","
"
"1","
"
"1","[[752]]
"
"1","[1]"
"1"," ""BWFG"""
"1","
"
"1","
"
"1","[[753]]
"
"1","[1]"
"1"," ""BWMN"""
"1","
"
"1","
"
"1","[[754]]
"
"1","[1]"
"1"," ""BWMX"""
"1","
"
"1","
"
"1","[[755]]
"
"1","[1]"
"1"," ""BWXT"""
"1","
"
"1","
"
"1","[[756]]
"
"1","[1]"
"1"," ""BX"""
"1","
"
"1","
"
"1","[[757]]
"
"1","[1]"
"1"," ""BXC"""
"1","
"
"1","
"
"1","[[758]]
"
"1","[1]"
"1"," ""BXMT"""
"1","
"
"1","
"
"1","[[759]]
"
"1","[1]"
"1"," ""BXP"""
"1","
"
"1","
"
"1","[[760]]
"
"1","[1]"
"1"," ""BXRX"""
"1","
"
"1","
"
"1","[[761]]
"
"1","[1]"
"1"," ""BY"""
"1","
"
"1","
"
"1","[[762]]
"
"1","[1]"
"1"," ""BYD"""
"1","
"
"1","
"
"1","[[763]]
"
"1","[1]"
"1"," ""BYFC"""
"1","
"
"1","
"
"1","[[764]]
"
"1","[1]"
"1"," ""BYND"""
"1","
"
"1","
"
"1","[[765]]
"
"1","[1]"
"1"," ""BYRN"""
"1","
"
"1","
"
"1","[[766]]
"
"1","[1]"
"1"," ""BYSI"""
"1","
"
"1","
"
"1","[[767]]
"
"1","[1]"
"1"," ""BZ"""
"1","
"
"1","
"
"1","[[768]]
"
"1","[1]"
"1"," ""BZFD"""
"1","
"
"1","
"
"1","[[769]]
"
"1","[1]"
"1"," ""BZH"""
"1","
"
"1","
"
"1","[[770]]
"
"1","[1]"
"1"," ""BZUN"""
"1","
"
"1","
"
"1","[[771]]
"
"1","[1]"
"1"," ""C"""
"1","
"
"1","
"
"1","[[772]]
"
"1","[1]"
"1"," ""CAAP"""
"1","
"
"1","
"
"1","[[773]]
"
"1","[1]"
"1"," ""CAAS"""
"1","
"
"1","
"
"1","[[774]]
"
"1","[1]"
"1"," ""CABA"""
"1","
"
"1","
"
"1","[[775]]
"
"1","[1]"
"1"," ""CABO"""
"1","
"
"1","
"
"1","[[776]]
"
"1","[1]"
"1"," ""CAC"""
"1","
"
"1","
"
"1","[[777]]
"
"1","[1]"
"1"," ""CACC"""
"1","
"
"1","
"
"1","[[778]]
"
"1","[1]"
"1"," ""CACI"""
"1","
"
"1","
"
"1","[[779]]
"
"1","[1]"
"1"," ""CADE"""
"1","
"
"1","
"
"1","[[780]]
"
"1","[1]"
"1"," ""CADL"""
"1","
"
"1","
"
"1","[[781]]
"
"1","[1]"
"1"," ""CAE"""
"1","
"
"1","
"
"1","[[782]]
"
"1","[1]"
"1"," ""CAG"""
"1","
"
"1","
"
"1","[[783]]
"
"1","[1]"
"1"," ""CAH"""
"1","
"
"1","
"
"1","[[784]]
"
"1","[1]"
"1"," ""CAKE"""
"1","
"
"1","
"
"1","[[785]]
"
"1","[1]"
"1"," ""CAL"""
"1","
"
"1","
"
"1","[[786]]
"
"1","[1]"
"1"," ""CALA"""
"1","
"
"1","
"
"1","[[787]]
"
"1","[1]"
"1"," ""CALB"""
"1","
"
"1","
"
"1","[[788]]
"
"1","[1]"
"1"," ""CALM"""
"1","
"
"1","
"
"1","[[789]]
"
"1","[1]"
"1"," ""CALT"""
"1","
"
"1","
"
"1","[[790]]
"
"1","[1]"
"1"," ""CALX"""
"1","
"
"1","
"
"1","[[791]]
"
"1","[1]"
"1"," ""CAMP"""
"1","
"
"1","
"
"1","[[792]]
"
"1","[1]"
"1"," ""CAMT"""
"1","
"
"1","
"
"1","[[793]]
"
"1","[1]"
"1"," ""CAN"""
"1","
"
"1","
"
"1","[[794]]
"
"1","[1]"
"1"," ""CANF"""
"1","
"
"1","
"
"1","[[795]]
"
"1","[1]"
"1"," ""CANG"""
"1","
"
"1","
"
"1","[[796]]
"
"1","[1]"
"1"," ""CANO"""
"1","
"
"1","
"
"1","[[797]]
"
"1","[1]"
"1"," ""CAPL"""
"1","
"
"1","
"
"1","[[798]]
"
"1","[1]"
"1"," ""CAPR"""
"1","
"
"1","
"
"1","[[799]]
"
"1","[1]"
"1"," ""CAR"""
"1","
"
"1","
"
"1","[[800]]
"
"1","[1]"
"1"," ""CARA"""
"1","
"
"1","
"
"1","[[801]]
"
"1","[1]"
"1"," ""CARE"""
"1","
"
"1","
"
"1","[[802]]
"
"1","[1]"
"1"," ""CARG"""
"1","
"
"1","
"
"1","[[803]]
"
"1","[1]"
"1"," ""CARR"""
"1","
"
"1","
"
"1","[[804]]
"
"1","[1]"
"1"," ""CARS"""
"1","
"
"1","
"
"1","[[805]]
"
"1","[1]"
"1"," ""CARV"""
"1","
"
"1","
"
"1","[[806]]
"
"1","[1]"
"1"," ""CASA"""
"1","
"
"1","
"
"1","[[807]]
"
"1","[1]"
"1"," ""CASH"""
"1","
"
"1","
"
"1","[[808]]
"
"1","[1]"
"1"," ""CASI"""
"1","
"
"1","
"
"1","[[809]]
"
"1","[1]"
"1"," ""CASS"""
"1","
"
"1","
"
"1","[[810]]
"
"1","[1]"
"1"," ""CASY"""
"1","
"
"1","
"
"1","[[811]]
"
"1","[1]"
"1"," ""CAT"""
"1","
"
"1","
"
"1","[[812]]
"
"1","[1]"
"1"," ""CATC"""
"1","
"
"1","
"
"1","[[813]]
"
"1","[1]"
"1"," ""CATO"""
"1","
"
"1","
"
"1","[[814]]
"
"1","[1]"
"1"," ""CATY"""
"1","
"
"1","
"
"1","[[815]]
"
"1","[1]"
"1"," ""CB"""
"1","
"
"1","
"
"1","[[816]]
"
"1","[1]"
"1"," ""CBAN"""
"1","
"
"1","
"
"1","[[817]]
"
"1","[1]"
"1"," ""CBAT"""
"1","
"
"1","
"
"1","[[818]]
"
"1","[1]"
"1"," ""CBAY"""
"1","
"
"1","
"
"1","[[819]]
"
"1","[1]"
"1"," ""CBD"""
"1","
"
"1","
"
"1","[[820]]
"
"1","[1]"
"1"," ""CBFV"""
"1","
"
"1","
"
"1","[[821]]
"
"1","[1]"
"1"," ""CBL"""
"1","
"
"1","
"
"1","[[822]]
"
"1","[1]"
"1"," ""CBNK"""
"1","
"
"1","
"
"1","[[823]]
"
"1","[1]"
"1"," ""CBOE"""
"1","
"
"1","
"
"1","[[824]]
"
"1","[1]"
"1"," ""CBRE"""
"1","
"
"1","
"
"1","[[825]]
"
"1","[1]"
"1"," ""CBRL"""
"1","
"
"1","
"
"1","[[826]]
"
"1","[1]"
"1"," ""CBSH"""
"1","
"
"1","
"
"1","[[827]]
"
"1","[1]"
"1"," ""CBT"""
"1","
"
"1","
"
"1","[[828]]
"
"1","[1]"
"1"," ""CBU"""
"1","
"
"1","
"
"1","[[829]]
"
"1","[1]"
"1"," ""CBZ"""
"1","
"
"1","
"
"1","[[830]]
"
"1","[1]"
"1"," ""CC"""
"1","
"
"1","
"
"1","[[831]]
"
"1","[1]"
"1"," ""CCAP"""
"1","
"
"1","
"
"1","[[832]]
"
"1","[1]"
"1"," ""CCB"""
"1","
"
"1","
"
"1","[[833]]
"
"1","[1]"
"1"," ""CCBG"""
"1","
"
"1","
"
"1","[[834]]
"
"1","[1]"
"1"," ""CCCC"""
"1","
"
"1","
"
"1","[[835]]
"
"1","[1]"
"1"," ""CCCS"""
"1","
"
"1","
"
"1","[[836]]
"
"1","[1]"
"1"," ""CCEL"""
"1","
"
"1","
"
"1","[[837]]
"
"1","[1]"
"1"," ""CCEP"""
"1","
"
"1","
"
"1","[[838]]
"
"1","[1]"
"1"," ""CCI"""
"1","
"
"1","
"
"1","[[839]]
"
"1","[1]"
"1"," ""CCJ"""
"1","
"
"1","
"
"1","[[840]]
"
"1","[1]"
"1"," ""CCK"""
"1","
"
"1","
"
"1","[[841]]
"
"1","[1]"
"1"," ""CCL"""
"1","
"
"1","
"
"1","[[842]]
"
"1","[1]"
"1"," ""CCLP"""
"1","
"
"1","
"
"1","[[843]]
"
"1","[1]"
"1"," ""CCM"""
"1","
"
"1","
"
"1","[[844]]
"
"1","[1]"
"1"," ""CCNE"""
"1","
"
"1","
"
"1","[[845]]
"
"1","[1]"
"1"," ""CCO"""
"1","
"
"1","
"
"1","[[846]]
"
"1","[1]"
"1"," ""CCOI"""
"1","
"
"1","
"
"1","[[847]]
"
"1","[1]"
"1"," ""CCRD"""
"1","
"
"1","
"
"1","[[848]]
"
"1","[1]"
"1"," ""CCRN"""
"1","
"
"1","
"
"1","[[849]]
"
"1","[1]"
"1"," ""CCS"""
"1","
"
"1","
"
"1","[[850]]
"
"1","[1]"
"1"," ""CCSI"""
"1","
"
"1","
"
"1","[[851]]
"
"1","[1]"
"1"," ""CCU"""
"1","
"
"1","
"
"1","[[852]]
"
"1","[1]"
"1"," ""CDAQ"""
"1","
"
"1","
"
"1","[[853]]
"
"1","[1]"
"1"," ""CDAY"""
"1","
"
"1","
"
"1","[[854]]
"
"1","[1]"
"1"," ""CDE"""
"1","
"
"1","
"
"1","[[855]]
"
"1","[1]"
"1"," ""CDLX"""
"1","
"
"1","
"
"1","[[856]]
"
"1","[1]"
"1"," ""CDMO"""
"1","
"
"1","
"
"1","[[857]]
"
"1","[1]"
"1"," ""CDNA"""
"1","
"
"1","
"
"1","[[858]]
"
"1","[1]"
"1"," ""CDNS"""
"1","
"
"1","
"
"1","[[859]]
"
"1","[1]"
"1"," ""CDRE"""
"1","
"
"1","
"
"1","[[860]]
"
"1","[1]"
"1"," ""CDRO"""
"1","
"
"1","
"
"1","[[861]]
"
"1","[1]"
"1"," ""CDTX"""
"1","
"
"1","
"
"1","[[862]]
"
"1","[1]"
"1"," ""CDW"""
"1","
"
"1","
"
"1","[[863]]
"
"1","[1]"
"1"," ""CDXC"""
"1","
"
"1","
"
"1","[[864]]
"
"1","[1]"
"1"," ""CDXS"""
"1","
"
"1","
"
"1","[[865]]
"
"1","[1]"
"1"," ""CDZI"""
"1","
"
"1","
"
"1","[[866]]
"
"1","[1]"
"1"," ""CE"""
"1","
"
"1","
"
"1","[[867]]
"
"1","[1]"
"1"," ""CEI"""
"1","
"
"1","
"
"1","[[868]]
"
"1","[1]"
"1"," ""CEIX"""
"1","
"
"1","
"
"1","[[869]]
"
"1","[1]"
"1"," ""CELC"""
"1","
"
"1","
"
"1","[[870]]
"
"1","[1]"
"1"," ""CELH"""
"1","
"
"1","
"
"1","[[871]]
"
"1","[1]"
"1"," ""CELU"""
"1","
"
"1","
"
"1","[[872]]
"
"1","[1]"
"1"," ""CELZ"""
"1","
"
"1","
"
"1","[[873]]
"
"1","[1]"
"1"," ""CENT"""
"1","
"
"1","
"
"1","[[874]]
"
"1","[1]"
"1"," ""CENTA"""
"1","
"
"1","
"
"1","[[875]]
"
"1","[1]"
"1"," ""CENX"""
"1","
"
"1","
"
"1","[[876]]
"
"1","[1]"
"1"," ""CEPU"""
"1","
"
"1","
"
"1","[[877]]
"
"1","[1]"
"1"," ""CERE"""
"1","
"
"1","
"
"1","[[878]]
"
"1","[1]"
"1"," ""CERS"""
"1","
"
"1","
"
"1","[[879]]
"
"1","[1]"
"1"," ""CERT"""
"1","
"
"1","
"
"1","[[880]]
"
"1","[1]"
"1"," ""CET"""
"1","
"
"1","
"
"1","[[881]]
"
"1","[1]"
"1"," ""CETX"""
"1","
"
"1","
"
"1","[[882]]
"
"1","[1]"
"1"," ""CEVA"""
"1","
"
"1","
"
"1","[[883]]
"
"1","[1]"
"1"," ""CF"""
"1","
"
"1","
"
"1","[[884]]
"
"1","[1]"
"1"," ""CFB"""
"1","
"
"1","
"
"1","[[885]]
"
"1","[1]"
"1"," ""CFBK"""
"1","
"
"1","
"
"1","[[886]]
"
"1","[1]"
"1"," ""CFFI"""
"1","
"
"1","
"
"1","[[887]]
"
"1","[1]"
"1"," ""CFFN"""
"1","
"
"1","
"
"1","[[888]]
"
"1","[1]"
"1"," ""CFG"""
"1","
"
"1","
"
"1","[[889]]
"
"1","[1]"
"1"," ""CFLT"""
"1","
"
"1","
"
"1","[[890]]
"
"1","[1]"
"1"," ""CFR"""
"1","
"
"1","
"
"1","[[891]]
"
"1","[1]"
"1"," ""CG"""
"1","
"
"1","
"
"1","[[892]]
"
"1","[1]"
"1"," ""CGA"""
"1","
"
"1","
"
"1","[[893]]
"
"1","[1]"
"1"," ""CGAU"""
"1","
"
"1","
"
"1","[[894]]
"
"1","[1]"
"1"," ""CGBD"""
"1","
"
"1","
"
"1","[[895]]
"
"1","[1]"
"1"," ""CGC"""
"1","
"
"1","
"
"1","[[896]]
"
"1","[1]"
"1"," ""CGEM"""
"1","
"
"1","
"
"1","[[897]]
"
"1","[1]"
"1"," ""CGEN"""
"1","
"
"1","
"
"1","[[898]]
"
"1","[1]"
"1"," ""CGNT"""
"1","
"
"1","
"
"1","[[899]]
"
"1","[1]"
"1"," ""CGNX"""
"1","
"
"1","
"
"1","[[900]]
"
"1","[1]"
"1"," ""CGTX"""
"1","
"
"1","
"
"1","[[901]]
"
"1","[1]"
"1"," ""CHAA"""
"1","
"
"1","
"
"1","[[902]]
"
"1","[1]"
"1"," ""CHCI"""
"1","
"
"1","
"
"1","[[903]]
"
"1","[1]"
"1"," ""CHCO"""
"1","
"
"1","
"
"1","[[904]]
"
"1","[1]"
"1"," ""CHCT"""
"1","
"
"1","
"
"1","[[905]]
"
"1","[1]"
"1"," ""CHD"""
"1","
"
"1","
"
"1","[[906]]
"
"1","[1]"
"1"," ""CHDN"""
"1","
"
"1","
"
"1","[[907]]
"
"1","[1]"
"1"," ""CHE"""
"1","
"
"1","
"
"1","[[908]]
"
"1","[1]"
"1"," ""CHEF"""
"1","
"
"1","
"
"1","[[909]]
"
"1","[1]"
"1"," ""CHEK"""
"1","
"
"1","
"
"1","[[910]]
"
"1","[1]"
"1"," ""CHGG"""
"1","
"
"1","
"
"1","[[911]]
"
"1","[1]"
"1"," ""CHH"""
"1","
"
"1","
"
"1","[[912]]
"
"1","[1]"
"1"," ""CHK"""
"1","
"
"1","
"
"1","[[913]]
"
"1","[1]"
"1"," ""CHKP"""
"1","
"
"1","
"
"1","[[914]]
"
"1","[1]"
"1"," ""CHMG"""
"1","
"
"1","
"
"1","[[915]]
"
"1","[1]"
"1"," ""CHMI"""
"1","
"
"1","
"
"1","[[916]]
"
"1","[1]"
"1"," ""CHNR"""
"1","
"
"1","
"
"1","[[917]]
"
"1","[1]"
"1"," ""CHPT"""
"1","
"
"1","
"
"1","[[918]]
"
"1","[1]"
"1"," ""CHRS"""
"1","
"
"1","
"
"1","[[919]]
"
"1","[1]"
"1"," ""CHRW"""
"1","
"
"1","
"
"1","[[920]]
"
"1","[1]"
"1"," ""CHS"""
"1","
"
"1","
"
"1","[[921]]
"
"1","[1]"
"1"," ""CHT"""
"1","
"
"1","
"
"1","[[922]]
"
"1","[1]"
"1"," ""CHTR"""
"1","
"
"1","
"
"1","[[923]]
"
"1","[1]"
"1"," ""CHUY"""
"1","
"
"1","
"
"1","[[924]]
"
"1","[1]"
"1"," ""CHWY"""
"1","
"
"1","
"
"1","[[925]]
"
"1","[1]"
"1"," ""CHX"""
"1","
"
"1","
"
"1","[[926]]
"
"1","[1]"
"1"," ""CI"""
"1","
"
"1","
"
"1","[[927]]
"
"1","[1]"
"1"," ""CIA"""
"1","
"
"1","
"
"1","[[928]]
"
"1","[1]"
"1"," ""CIB"""
"1","
"
"1","
"
"1","[[929]]
"
"1","[1]"
"1"," ""CIEN"""
"1","
"
"1","
"
"1","[[930]]
"
"1","[1]"
"1"," ""CIFR"""
"1","
"
"1","
"
"1","[[931]]
"
"1","[1]"
"1"," ""CIG"""
"1","
"
"1","
"
"1","[[932]]
"
"1","[1]"
"1"," ""CIGI"""
"1","
"
"1","
"
"1","[[933]]
"
"1","[1]"
"1"," ""CIM"""
"1","
"
"1","
"
"1","[[934]]
"
"1","[1]"
"1"," ""CINF"""
"1","
"
"1","
"
"1","[[935]]
"
"1","[1]"
"1"," ""CING"""
"1","
"
"1","
"
"1","[[936]]
"
"1","[1]"
"1"," ""CINT"""
"1","
"
"1","
"
"1","[[937]]
"
"1","[1]"
"1"," ""CIO"""
"1","
"
"1","
"
"1","[[938]]
"
"1","[1]"
"1"," ""CION"""
"1","
"
"1","
"
"1","[[939]]
"
"1","[1]"
"1"," ""CIVB"""
"1","
"
"1","
"
"1","[[940]]
"
"1","[1]"
"1"," ""CIVI"""
"1","
"
"1","
"
"1","[[941]]
"
"1","[1]"
"1"," ""CIX"""
"1","
"
"1","
"
"1","[[942]]
"
"1","[1]"
"1"," ""CIZN"""
"1","
"
"1","
"
"1","[[943]]
"
"1","[1]"
"1"," ""CJJD"""
"1","
"
"1","
"
"1","[[944]]
"
"1","[1]"
"1"," ""CKPT"""
"1","
"
"1","
"
"1","[[945]]
"
"1","[1]"
"1"," ""CKX"""
"1","
"
"1","
"
"1","[[946]]
"
"1","[1]"
"1"," ""CL"""
"1","
"
"1","
"
"1","[[947]]
"
"1","[1]"
"1"," ""CLAR"""
"1","
"
"1","
"
"1","[[948]]
"
"1","[1]"
"1"," ""CLB"""
"1","
"
"1","
"
"1","[[949]]
"
"1","[1]"
"1"," ""CLBK"""
"1","
"
"1","
"
"1","[[950]]
"
"1","[1]"
"1"," ""CLBR"""
"1","
"
"1","
"
"1","[[951]]
"
"1","[1]"
"1"," ""CLBT"""
"1","
"
"1","
"
"1","[[952]]
"
"1","[1]"
"1"," ""CLDT"""
"1","
"
"1","
"
"1","[[953]]
"
"1","[1]"
"1"," ""CLDX"""
"1","
"
"1","
"
"1","[[954]]
"
"1","[1]"
"1"," ""CLEU"""
"1","
"
"1","
"
"1","[[955]]
"
"1","[1]"
"1"," ""CLF"""
"1","
"
"1","
"
"1","[[956]]
"
"1","[1]"
"1"," ""CLFD"""
"1","
"
"1","
"
"1","[[957]]
"
"1","[1]"
"1"," ""CLGN"""
"1","
"
"1","
"
"1","[[958]]
"
"1","[1]"
"1"," ""CLH"""
"1","
"
"1","
"
"1","[[959]]
"
"1","[1]"
"1"," ""CLIR"""
"1","
"
"1","
"
"1","[[960]]
"
"1","[1]"
"1"," ""CLLS"""
"1","
"
"1","
"
"1","[[961]]
"
"1","[1]"
"1"," ""CLMT"""
"1","
"
"1","
"
"1","[[962]]
"
"1","[1]"
"1"," ""CLNE"""
"1","
"
"1","
"
"1","[[963]]
"
"1","[1]"
"1"," ""CLNN"""
"1","
"
"1","
"
"1","[[964]]
"
"1","[1]"
"1"," ""CLOE"""
"1","
"
"1","
"
"1","[[965]]
"
"1","[1]"
"1"," ""CLOV"""
"1","
"
"1","
"
"1","[[966]]
"
"1","[1]"
"1"," ""CLPR"""
"1","
"
"1","
"
"1","[[967]]
"
"1","[1]"
"1"," ""CLPS"""
"1","
"
"1","
"
"1","[[968]]
"
"1","[1]"
"1"," ""CLPT"""
"1","
"
"1","
"
"1","[[969]]
"
"1","[1]"
"1"," ""CLRB"""
"1","
"
"1","
"
"1","[[970]]
"
"1","[1]"
"1"," ""CLRO"""
"1","
"
"1","
"
"1","[[971]]
"
"1","[1]"
"1"," ""CLS"""
"1","
"
"1","
"
"1","[[972]]
"
"1","[1]"
"1"," ""CLSD"""
"1","
"
"1","
"
"1","[[973]]
"
"1","[1]"
"1"," ""CLSK"""
"1","
"
"1","
"
"1","[[974]]
"
"1","[1]"
"1"," ""CLST"""
"1","
"
"1","
"
"1","[[975]]
"
"1","[1]"
"1"," ""CLVR"""
"1","
"
"1","
"
"1","[[976]]
"
"1","[1]"
"1"," ""CLVT"""
"1","
"
"1","
"
"1","[[977]]
"
"1","[1]"
"1"," ""CLW"""
"1","
"
"1","
"
"1","[[978]]
"
"1","[1]"
"1"," ""CLWT"""
"1","
"
"1","
"
"1","[[979]]
"
"1","[1]"
"1"," ""CLX"""
"1","
"
"1","
"
"1","[[980]]
"
"1","[1]"
"1"," ""CM"""
"1","
"
"1","
"
"1","[[981]]
"
"1","[1]"
"1"," ""CMA"""
"1","
"
"1","
"
"1","[[982]]
"
"1","[1]"
"1"," ""CMAX"""
"1","
"
"1","
"
"1","[[983]]
"
"1","[1]"
"1"," ""CMBM"""
"1","
"
"1","
"
"1","[[984]]
"
"1","[1]"
"1"," ""CMC"""
"1","
"
"1","
"
"1","[[985]]
"
"1","[1]"
"1"," ""CMCL"""
"1","
"
"1","
"
"1","[[986]]
"
"1","[1]"
"1"," ""CMCM"""
"1","
"
"1","
"
"1","[[987]]
"
"1","[1]"
"1"," ""CMCO"""
"1","
"
"1","
"
"1","[[988]]
"
"1","[1]"
"1"," ""CMCSA"""
"1","
"
"1","
"
"1","[[989]]
"
"1","[1]"
"1"," ""CMCT"""
"1","
"
"1","
"
"1","[[990]]
"
"1","[1]"
"1"," ""CME"""
"1","
"
"1","
"
"1","[[991]]
"
"1","[1]"
"1"," ""CMG"""
"1","
"
"1","
"
"1","[[992]]
"
"1","[1]"
"1"," ""CMI"""
"1","
"
"1","
"
"1","[[993]]
"
"1","[1]"
"1"," ""CMLS"""
"1","
"
"1","
"
"1","[[994]]
"
"1","[1]"
"1"," ""CMMB"""
"1","
"
"1","
"
"1","[[995]]
"
"1","[1]"
"1"," ""CMP"""
"1","
"
"1","
"
"1","[[996]]
"
"1","[1]"
"1"," ""CMPO"""
"1","
"
"1","
"
"1","[[997]]
"
"1","[1]"
"1"," ""CMPR"""
"1","
"
"1","
"
"1","[[998]]
"
"1","[1]"
"1"," ""CMPS"""
"1","
"
"1","
"
"1","[[999]]
"
"1","[1]"
"1"," ""CMPX"""
"1","
"
"1","
"
"1","[[1000]]
"
"1","[1]"
"1"," ""CMRE"""
"1","
"
"1","
"
"1"," [ reached getOption(""max.print"") -- omitted 3911 entries ]
"
